system:index,GID_0,GID_1,NAME_0,NAME_1,VARNAME_1,sum,.geo
0000f8c9d84d25b54090,SHN,SHN.3_1,Saint Helena,Tristan da Cunha,TristÃ£o da Cunha,334.8470588235294,
0000b227cf6e6027fead,SHN,SHN.2_1,Saint Helena,Saint Helena,,5568.525490196079,
0000425a24df98abc728,SHN,SHN.1_1,Saint Helena,Ascension,AscensÃ£o,1488.3294117647058,
0000a8f54daf9a729964,ESH,ESH.4_1,Western Sahara,Oued el Dahab,Ed Dakhla|Oued Eddahab,119470.59215686274,
0000d317156b6f784739,ESH,ESH.1_1,Western Sahara,Boujdour,Bojador,60975.074509803926,
000091ca6c992b3e1c2d,MRT,MRT.12_1,Mauritania,Tiris Zemmour,,53279.25490196078,
00006f1c03981054c396,ESH,ESH.3_1,Western Sahara,Laayoune,El aaiÃºn,279243.5686274509,
00001668573b47a8d958,ESH,ESH.2_1,Western Sahara,Es Semara,Smara,80645.45882352939,
00001b116635795d76c7,MAR,MAR.6_1,Morocco,Guelmim - Es-Semara,,441656.24705882336,
0000abdb4116f29564f9,MAR,MAR.7_1,Morocco,LaÃ¢youne - Boujdour - Sakia El Hamra,,8406.454901960784,
0000652dc562a34887d3,MAR,MAR.4_1,Morocco,Gharb - Chrarda - BÃ©ni Hssen,,2050861.7921568616,
00004938b3256d63ce7f,MAR,MAR.14_1,Morocco,Tanger - TÃ©touan,,2745539.321568629,
0000c0944762609b6915,MAR,MAR.15_1,Morocco,Taza - Al Hoceima - Taounate,,1960127.3215686283,
0000aa73af7914844178,ESP,ESP.7_1,Spain,Ceuta y Melilla,,114923.3960784314,
00009e5e45df96a30c31,MAR,MAR.10_1,Morocco,Oriental,,2179422.0549019594,
0000ef5e7eb6970c1d28,DZA,DZA.48_1,Algeria,Tlemcen,Tilimsene|Tlemsane|Tilimsen|TremecÃ©m,1065968.1176470595,
0000ea67a1b3507c6e05,DZA,DZA.3_1,Algeria,AÃ¯n TÃ©mouchent,Ain Tamouchent,414985.45490196085,
00008aa0ec11f4fc2104,DZA,DZA.30_1,Algeria,Mostaganem,Mostaghanem|Mestghanem,843349.9803921576,
000051bbf06319774ff4,DZA,DZA.27_1,Algeria,Mascara,Mouaskar,880768.3764705876,
00005919d4077991ae9e,DZA,DZA.32_1,Algeria,Oran,OrÃ¡n|Orano|OrÃ£o|Ouahran|Ouahrane|Wahran,1616954.3098039213,
0000989a3da7d2f3120e,DZA,DZA.38_1,Algeria,Sidi Bel AbbÃ¨s,Sidi-Bel-Abbes,679635.1803921561,
000067f888be35444821,DZA,DZA.36_1,Algeria,SaÃ¯da,,369852.4078431372,
0000c49864d7ec32e52f,DZA,DZA.17_1,Algeria,El Bayadh,El Bayad|El Beyyadh|GÃ©ryville,258816.39607843128,
0000ec4eb93ae14a530a,DZA,DZA.31_1,Algeria,NaÃ¢ma,Naama,220025.6862745098,
0000862acb383ef8dde0,DZA,DZA.7_1,Algeria,BÃ©char,Colomb-BÃ©char|Bechar,308283.2549019608,
0000f4cd148d34f8bc9e,DZA,DZA.1_1,Algeria,Adrar,DuperrÃ©,449725.91764705884,
000075d5221b5f06f09d,MAR,MAR.9_1,Morocco,MeknÃ¨s - Tafilalet,,2400401.0901960805,
000039ec14680d41579b,DZA,DZA.44_1,Algeria,Tindouf,Tiaret,60250.027450980386,
000025bab4da20c10534,MAR,MAR.3_1,Morocco,FÃ¨s - Boulemane,,1811958.4941176467,
0000a729f6df5f88baf2,MAR,MAR.11_1,Morocco,Rabat - SalÃ© - Zemmour - Zaer,,2633170.650980395,
0000f812f55fcc62db10,MAR,MAR.1_1,Morocco,Chaouia - Ouardigha,,2024420.8117647069,
000072342323ae199fe8,MAR,MAR.13_1,Morocco,Tadla - Azilal,,1603401.619607842,
00008b899c1371d90055,MAR,MAR.12_1,Morocco,Souss - Massa - DraÃ¢,,3478222.7450980386,
0000c9f79b241823157f,MAR,MAR.8_1,Morocco,Marrakech - Tensift - Al Haouz,,3548503.6941176485,
00004e3193531c4657dd,MAR,MAR.5_1,Morocco,Grand Casablanca,,3739345.5529411775,
0000716943d026c6a28c,MAR,MAR.2_1,Morocco,Doukkala - Abda,,2167898.1607843116,
0000c505d46fa3ffd8a0,MRT,MRT.1_1,Mauritania,Adrar,,62561.32941176471,
00007846c1adc2533a38,MRT,MRT.7_1,Mauritania,Hodh ech Chargui,Eastern Hodh|Hodh Charghi|Hodh Oriental,429063.06666666496,
00007963755b337d8340,MLI,MLI.9_1,Mali,Timbuktu,Timbouctou|Tombouctou|TimbuctÂ|Timbuctu|Tombuktu|TombuctÃº|Tomboucto,772754.3607843138,
00000cc9f86a5150fd8e,MLI,MLI.4_1,Mali,Kidal,,76761.38823529406,
0000cbe5ae5b7597717f,MLI,MLI.2_1,Mali,Gao,,618212.5725490206,
00001585d27a850541e6,BFA,BFA.12_1,Burkina Faso,Sahel,,1269046.3137254894,
0000c770f163a3ab2a9e,MLI,MLI.6_1,Mali,Mopti,,2310126.247058825,
0000046e2cf5fd905b55,BFA,BFA.10_1,Burkina Faso,Nord,,1506811.4156862758,
0000f2e9059432203744,BFA,BFA.4_1,Burkina Faso,Centre-Nord,,1546084.0980392168,
0000b4e0282372ebaf08,BFA,BFA.8_1,Burkina Faso,Est,,1607527.560784316,
0000c9a94e51cd4db13e,BFA,BFA.11_1,Burkina Faso,Plateau-Central,,877542.9372549015,
00002cdc08b8bbaa4fba,BFA,BFA.3_1,Burkina Faso,Centre-Est,,1472343.3529411769,
00003de32091289a3c2f,BFA,BFA.7_1,Burkina Faso,Centre,,2467499.79607843,
0000d565377a34d68200,BFA,BFA.6_1,Burkina Faso,Centre-Sud,,818400.2666666671,
000096cf0d6569f37a73,GHA,GHA.7_1,Ghana,Upper East,,1091994.368627451,
00004f4af390e756511e,TGO,TGO.5_1,Togo,Savanes,RÃ©gion des Savanes,971503.784313726,
00004a18528299f30e7b,GHA,GHA.6_1,Ghana,Northern,,2585025.05490196,
0000f8925c5c9e5607e8,BFA,BFA.5_1,Burkina Faso,Centre-Ouest,,1515586.7215686264,
0000febc2c03e8095cc1,GHA,GHA.8_1,Ghana,Upper West,,723586.898039217,
0000f1464e81665a2322,BFA,BFA.1_1,Burkina Faso,Boucle du Mouhoun,,1839424.0078431368,
00006d18bde90d5e3bf7,BFA,BFA.9_1,Burkina Faso,Haut-Bassins,,1947065.5764705895,
0000d59a255e4eaba06b,BFA,BFA.13_1,Burkina Faso,Sud-Ouest,,792642.8549019597,
0000dc98ea3cd42597eb,BFA,BFA.2_1,Burkina Faso,Cascades,,735304.4509803928,
0000cd6763c3938e8104,MLI,MLI.8_1,Mali,Sikasso,,2970503.5176470564,
0000354d7484d6713067,MLI,MLI.7_1,Mali,SÃ©gou,Segou,2645773.113725495,
0000a50735eb481f8af5,MLI,MLI.5_1,Mali,Koulikoro,,2752342.3921568547,
0000b1b6c0305f4229d0,CIV,CIV.10_1,CÃ´te d'Ivoire,Savanes,,1619285.7607843077,
000066dca0376bf6dc20,MLI,MLI.1_1,Mali,Bamako,,2044028.4823529408,
000098dbce621d2ac3b1,MLI,MLI.3_1,Mali,Kayes,,2256113.5843137247,
00004a31ab78db81c6cb,GIN,GIN.4_1,Guinea,Kankan,,2133859.9882352925,
0000e6469980eacff98f,GIN,GIN.3_1,Guinea,Faranah,,1018280.949019607,
0000c5307888e2131c81,MRT,MRT.8_1,Mauritania,Hodh el Gharbi,Hodh Occidental|Western Hodh,297278.2588235297,
00005d7bcce6b53f4b93,MRT,MRT.2_1,Mauritania,Assaba,AÃ§aba|el-`AÃ§Ã¢ba,326069.5843137241,
0000316580ec4436d09e,MRT,MRT.11_1,Mauritania,Tagant,,80138.9960784313,
0000d6a4dcd131de9ae3,MRT,MRT.3_1,Mauritania,Brakna,,314267.33333333314,
0000473da798f9bf22a0,MRT,MRT.5_1,Mauritania,Gorgol,,351111.3803921568,
0000070ae703dd871c86,SEN,SEN.9_1,Senegal,Matam,,541917.1568627435,
0000f4afb55637b944c2,MRT,MRT.13_1,Mauritania,Trarza,,266647.89411764685,
00000a97e329c2941d51,MRT,MRT.9_1,Mauritania,Inchiri,,19395.243137254904,
0000bcf234cd9889cc82,SEN,SEN.10_1,Senegal,Saint-Louis,Fleuve|VallÃ©e du Fleuve,931382.0745098033,
00008631ba6de554c318,SEN,SEN.8_1,Senegal,Louga,,892127.9254901963,
0000df7f6d5b15f9a08d,MRT,MRT.10_1,Mauritania,Nouakchott,,952245.2352941174,
0000ffc9a295e5145dce,MRT,MRT.4_1,Mauritania,Dakhlet Nouadhibou,Dakhlet NouÃ¢dhibou|Baie du LÃ©vrier|LÃ©vrier Bay,120082.07058823525,
00000bff205a417f3641,SEN,SEN.13_1,Senegal,ThiÃ¨s,,1784173.9254901975,
0000d4c4e2b53225c3b7,SEN,SEN.1_1,Senegal,Dakar,Cap Vert|Dacar,3035282.9843137264,
00001a20b679ae705ff1,SEN,SEN.2_1,Senegal,Diourbel,,1496076.1607843128,
0000c9c06988cd757bb4,SEN,SEN.3_1,Senegal,Fatick,,728858.3607843143,
00009258428b84a4bbb3,GMB,GMB.4_1,Gambia,North Bank,,220157.99999999994,
0000560729acf5d2db25,GMB,GMB.6_1,Gambia,Western,,690602.1960784314,
0000d8668f8188311ce7,GMB,GMB.1_1,Gambia,Banjul,,428191.1372549019,
0000c982ccb3ecd976f5,SEN,SEN.14_1,Senegal,Ziguinchor,,557236.5568627447,
0000ef2ad336db8398c5,GNB,GNB.5_1,Guinea-Bissau,Cacheu,,212242.5333333328,
0000a00d73b30de79350,GNB,GNB.4_1,Guinea-Bissau,Bolama,Bolama-Bijagcs,33962.498039215665,
0000a1c738441a486659,GNB,GNB.9_1,Guinea-Bissau,Tombali,,111392.39999999969,
00004486e2afb34a4d63,GNB,GNB.8_1,Guinea-Bissau,Quinara,Buba,69283.68627450972,
0000092a7173ace73203,GIN,GIN.1_1,Guinea,BokÃ©,,1162194.3725490188,
00008ea2bf0104e36476,GIN,GIN.5_1,Guinea,Kindia,,1665612.3333333319,
00005089229e88ca61b1,GNB,GNB.6_1,Guinea-Bissau,GabÃº,,231587.95686274458,
0000d29d932816658073,GNB,GNB.1_1,Guinea-Bissau,BafatÃ¡,,244450.51764705894,
0000ef286282c2244d97,GNB,GNB.7_1,Guinea-Bissau,Oio,,246255.88235294103,
00003618694a9df5c034,SEN,SEN.7_1,Senegal,Kolda,,659890.2509803928,
000015736031466a909e,SEN,SEN.12_1,Senegal,Tambacounda,SÃ©nÃ©gal Oriental,686918.3882352938,
0000b801f0cec9cc20a1,SEN,SEN.11_1,Senegal,SÃ©dhiou,,464867.2980392154,
0000602f33c867e3b9b7,GNB,GNB.3_1,Guinea-Bissau,Bissau,,362935.06666666665,
00008e0ccc9344e532ea,GNB,GNB.2_1,Guinea-Bissau,Biombo,,103132.65490196076,
0000bbc6b305f2c6909a,GMB,GMB.2_1,Gambia,Lower River,Central|South Bank,85948.67058823521,
00004159c410485e6ec8,SEN,SEN.5_1,Senegal,Kaolack,,975082.6117647068,
0000106e943de78c023c,GMB,GMB.3_1,Gambia,Maccarthy Island,Central River|Jangjangbureh|Janjanbureh|Janjangburreh,231201.84705882368,
00003e1c753980ca870d,SEN,SEN.4_1,Senegal,Kaffrine,,584248.549019608,
00006ba1e01395c37849,GMB,GMB.5_1,Gambia,Upper River,,254575.06666666665,
0000907166da06af5667,SEN,SEN.6_1,Senegal,KÃ©dougou,SÃ©nÃ©gal Oriental,163199.4862745099,
0000b2f76e1579347564,MRT,MRT.6_1,Mauritania,Guidimaka,Guidimagha|Guidimakha,269151.55294117634,
0000ab37cc2d64c1717f,GIN,GIN.6_1,Guinea,LabÃ©,,1077528.5686274518,
0000772822dfacd7dde6,GIN,GIN.7_1,Guinea,Mamou,,794992.9490196082,
000006909bc1d595410e,SLE,SLE.2_1,Sierra Leone,Northern,,1982672.850980392,
000013d321e7152cce44,SLE,SLE.1_1,Sierra Leone,Eastern,,1379395.2627450994,
00003a75c5ae36e696e5,GIN,GIN.2_1,Guinea,Conakry,,1748307.9019607848,
0000c91c3d31d65c6762,SLE,SLE.3_1,Sierra Leone,Southern,,1277215.3215686288,
0000386c909e82a8650c,SLE,SLE.4_1,Sierra Leone,Western,,1034148.5803921566,
00001e9742320052d8b8,GIN,GIN.8_1,Guinea,NzÃ©rÃ©korÃ©,,1801807.73333333,
00006549045a637e2fb7,LBR,LBR.3_1,Liberia,Gbapolu,Gbarpolu,90600.70980392155,
00003ae2d4bf0b55f62e,LBR,LBR.4_1,Liberia,Grand Cape Mount,,142955.63529411756,
0000a557ff1c1c7c3b20,LBR,LBR.1_1,Liberia,Bomi,,126642.59999999998,
00009f930a0069bec042,LBR,LBR.11_1,Liberia,Montserrado,,1221825.5568627457,
00002071b993cf1abaa5,LBR,LBR.9_1,Liberia,Margibi,,309096.5686274511,
0000efc0e6b1324328e1,CIV,CIV.2_1,CÃ´te d'Ivoire,Bas-Sassandra,,2269510.309803922,
0000aa958ecd3715c755,LBR,LBR.10_1,Liberia,Maryland,,152703.29019607842,
0000cd72e9ef91220391,LBR,LBR.7_1,Liberia,GrandKru,Grand Kru,66673.86274509803,
00007d6ec3b1bbe8f4d4,LBR,LBR.14_1,Liberia,River Gee,,90943.60392156856,
0000f40ba36f9387ba73,LBR,LBR.15_1,Liberia,Sinoe,,114919.71764705876,
00008b191d54f6a664e1,LBR,LBR.5_1,Liberia,GrandBassa,Grand Bassa,242559.35686274513,
0000defcf5b9a720b1a9,LBR,LBR.13_1,Liberia,River Cess,Rivercess,72975.88627450982,
00006c59a95551c057d6,LBR,LBR.6_1,Liberia,GrandGedeh,Grand Gedeh,135553.87058823544,
000063949a259c126e3a,CIV,CIV.8_1,CÃ´te d'Ivoire,Montagnes,,2382383.1764705917,
0000f7ee77724941fe4b,LBR,LBR.12_1,Liberia,Nimba,,553475.7490196077,
0000c27beff12c9248fa,LBR,LBR.2_1,Liberia,Bong,,355248.2392156863,
000054bf1264cdd7cbb3,LBR,LBR.8_1,Liberia,Lofa,,310734.1843137254,
0000b8870bad030fd0ba,CIV,CIV.4_1,CÃ´te d'Ivoire,DenguÃ©lÃ©,,296144.54509803915,
0000a50fa2869366876b,CIV,CIV.12_1,CÃ´te d'Ivoire,Woroba,,851138.9568627437,
0000b9090754a59a1575,CIV,CIV.9_1,CÃ´te d'Ivoire,Sassandra-MarahouÃ©,,2339702.5294117643,
0000b2e1df0c1568c2c8,CIV,CIV.11_1,CÃ´te d'Ivoire,VallÃ©e du Bandama,,1443697.384313725,
0000656b0e363a060add,CIV,CIV.6_1,CÃ´te d'Ivoire,Lacs,,1257943.0705882353,
0000701e3d5d38823afb,CIV,CIV.13_1,CÃ´te d'Ivoire,Yamoussoukro,,364247.9568627449,
000092c509a76a18ea90,CIV,CIV.7_1,CÃ´te d'Ivoire,Lagunes,,1442298.4352941152,
00006963ce9fa7537179,CIV,CIV.5_1,CÃ´te d'Ivoire,GÃ´h-Djiboua,,1619477.2352941155,
00001d89e5cdde269603,CIV,CIV.1_1,CÃ´te d'Ivoire,Abidjan,,4730457.819607845,
0000a66c4948401503de,CIV,CIV.3_1,CÃ´te d'Ivoire,ComoÃ©,,1236780.0980392152,
000026df4ecb8fbc35c3,GHA,GHA.10_1,Ghana,Western,,2472006.6980392183,
0000c35f47912db7c5b6,GHA,GHA.2_1,Ghana,Brong Ahafo,,2392819.6745098056,
0000950f91de922668c8,CIV,CIV.14_1,CÃ´te d'Ivoire,Zanzan,,934036.5254901962,
00008053294388014a85,GHA,GHA.9_1,Ghana,Volta,,2178111.5137254884,
00007dd09fb93783d97c,GHA,GHA.1_1,Ghana,Ashanti,,5050112.262745098,
0000cc7e8b9a4f17a1d4,GHA,GHA.4_1,Ghana,Eastern,,2679370.439215688,
0000f7f5c50752361d6c,GHA,GHA.3_1,Ghana,Central,,2307207.247058822,
00009a7340ea9f9a76f8,GHA,GHA.5_1,Ghana,Greater Accra,,4153034.5019607847,
00000c7405ce08e51702,TGO,TGO.3_1,Togo,Maritime,RÃ©gion Maritime,3033682.9294117657,
0000e3df791696cbba8c,BEN,BEN.8_1,Benin,Littoral,,674199.8627450982,
0000a8eddbe2b4857417,BEN,BEN.3_1,Benin,Atlantique,,1410805.57254902,
0000888616bbacfa4bbc,BEN,BEN.9_1,Benin,Mono,,488164.01960784284,
0000bf8d2448e9ed0d55,TGO,TGO.4_1,Togo,Plateaux,RÃ©gion des Plateaux,1630670.1803921573,
0000ef6418c19db6364a,BEN,BEN.7_1,Benin,Kouffo,Couffo,757239.2078431374,
00004d0b034b83cbcc40,BEN,BEN.10_1,Benin,OuÃ©mÃ©,,1114757.5058823533,
00007a53e783ca808e01,BEN,BEN.12_1,Benin,Zou,,871008.6745098038,
00009106634d70aaeb2d,BEN,BEN.11_1,Benin,Plateau,,662054.415686275,
0000464eb5e9b0693a2f,BEN,BEN.5_1,Benin,Collines,,731560.325490197,
0000f75b01818ef10c75,TGO,TGO.1_1,Togo,Centre,"RÃ©gion Centrale, RÃ©gion du Centre",732697.5764705897,
0000ea598ff996305f7c,TGO,TGO.2_1,Togo,Kara,RÃ©gion de la Kara,917447.4156862748,
00005adaeb3c2d863410,BEN,BEN.2_1,Benin,Atakora,,784891.7960784311,
000026bb99e27bcda8e6,BEN,BEN.6_1,Benin,Donga,,551554.8941176478,
0000dfdfda48763359e2,BEN,BEN.4_1,Benin,Borgou,,1228155.6627450977,
0000faffcfa259c87575,BEN,BEN.1_1,Benin,Alibori,,884527.5725490192,
0000b6540229192ca1b6,NGA,NGA.28_1,Nigeria,Ogun,,4298275.019607853,
0000712fa9c4693c1e70,NGA,NGA.31_1,Nigeria,Oyo,,7114126.419607844,
00008754aea269f091a6,NGA,NGA.24_1,Nigeria,Kwara,,3090177.4980392144,
0000cff2cf340fc25c68,NGA,NGA.27_1,Nigeria,Niger,,5119967.313725497,
000086db067f7e7fba7a,NGA,NGA.22_1,Nigeria,Kebbi,,4099990.392156855,
0000ade5866d5f103b3e,NGA,NGA.30_1,Nigeria,Osun,,4588149.266666665,
00009ee63f56e1377cab,NGA,NGA.13_1,Nigeria,Ekiti,,2839432.9058823544,
0000e5b6f385e54dee20,NGA,NGA.29_1,Nigeria,Ondo,,4005988.8352941223,
000078a6d5139a28657b,NGA,NGA.25_1,Nigeria,Lagos,,1.912503210588237E7,
0000f25430d07d644919,NGA,NGA.12_1,Nigeria,Edo,,4065763.6313725505,
000015f1463bd1f68b4a,NGA,NGA.10_1,Nigeria,Delta,,5071832.905882359,
00009115dd65a31ef699,NGA,NGA.6_1,Nigeria,Bayelsa,,2081740.77254902,
00009184c4657478a4b9,NGA,NGA.33_1,Nigeria,Rivers,,6392464.827450989,
0000e770a4f2ecd14d9b,NGA,NGA.17_1,Nigeria,Imo,,5015054.219607845,
00004dacbba479e051a8,NGA,NGA.1_1,Nigeria,Abia,,3508889.043137256,
00008ee1c94c90c48916,NGA,NGA.3_1,Nigeria,Akwa Ibom,,4980741.674509809,
000025950f8a4f09b20e,NGA,NGA.4_1,Nigeria,Anambra,,5083530.109803918,
0000e4ad2f108d44f954,NGA,NGA.14_1,Nigeria,Enugu,,4186560.639215688,
000021ade234a37404fd,NGA,NGA.11_1,Nigeria,Ebonyi,,2601589.733333334,
00000edfd9a2dec946f5,NGA,NGA.23_1,Nigeria,Kogi,,4215448.576470585,
0000b99916543198cba5,NGA,NGA.7_1,Nigeria,Benue,,5382927.799999999,
0000d615e344d505bdad,NGA,NGA.19_1,Nigeria,Kaduna,,7660636.078431364,
000068e36c33a400b1bc,NGA,NGA.15_1,Nigeria,Federal Capital Territory,Abuja,3203101.1960784337,
000079725cdea9eed340,NGA,NGA.26_1,Nigeria,Nassarawa,,2595284.549019609,
000041ceb852bfc04df8,NGA,NGA.35_1,Nigeria,Taraba,,2920128.87843138,
0000526b9b71ecf80b29,NGA,NGA.32_1,Nigeria,Plateau,,4006492.811764705,
000063fe1d1a23b39d35,NGA,NGA.5_1,Nigeria,Bauchi,,6011975.129411763,
00002e1b6109afe4e5a6,CMR,CMR.6_1,Cameroon,Nord-Ouest,North-West,2151610.2784313736,
0000270f8a94f0b1bede,CMR,CMR.9_1,Cameroon,Sud-Ouest,South-West,1622850.3999999992,
0000b8d8b4dafdd5cb20,NGA,NGA.9_1,Nigeria,Cross River,,3718955.533333331,
000098adef4a4a4b4374,CMR,CMR.5_1,Cameroon,Littoral,Litoral,3412518.2392156865,
00001a9f7acc9d636a36,CMR,CMR.8_1,Cameroon,Ouest,West,2129060.807843139,
000025e4597069f682cb,CMR,CMR.2_1,Cameroon,Centre,Central,4202643.376470592,
00001f45d6db090bbc04,CMR,CMR.10_1,Cameroon,Sud,South,825652.4470588238,
00006e537bac334198a5,GNQ,GNQ.3_1,Equatorial Guinea,Bioko Sur,,17869.627450980403,
0000b7fdc0aaa2e865d2,GNQ,GNQ.2_1,Equatorial Guinea,Bioko Norte,,124859.41568627449,
00002773999585dc88f9,STP,STP.1_1,SÃ£o TomÃ© and PrÃ­ncipe,PrÃ­ncipe,,6987.098039215691,
00003df978464a208432,STP,STP.2_1,SÃ£o TomÃ© and PrÃ­ncipe,SÃ£o TomÃ©,,161570.08627450984,
00008a0fa9a54731760c,GNQ,GNQ.6_1,Equatorial Guinea,Litoral,,170969.7686274508,
00007786a6b8d88b1157,GNQ,GNQ.4_1,Equatorial Guinea,Centro Sur,,106649.1960784313,
0000ae383ea50e31a5ea,GNQ,GNQ.5_1,Equatorial Guinea,KiÃ©-Ntem,,162444.42745098018,
00001be814d4348d6623,GNQ,GNQ.7_1,Equatorial Guinea,Wele-Nzas,,109309.6,
0000eecc58c60e2bfd69,GAB,GAB.1_1,Gabon,Estuaire,,758026.8274509812,
00007604878cfa58acee,GAB,GAB.9_1,Gabon,Wouleu-Ntem,Woleu-Ntem,164736.65882352923,
0000f2b17ebd3fdc302b,GAB,GAB.3_1,Gabon,Moyen-OgoouÃ©,,69155.6156862745,
00007134e2b791339504,GAB,GAB.6_1,Gabon,OgoouÃ©-Ivindo,,81028.59999999999,
000013a1583ca0b59341,GAB,GAB.7_1,Gabon,OgoouÃ©-Lolo,,70916.85882352944,
000041c448437b95f5ec,GAB,GAB.2_1,Gabon,Haut-OgoouÃ©,,167830.24313725485,
0000063786ee96409859,COG,COG.12_1,Republic of Congo,Sangha,,105400.2117647058,
00006b5c161efe44295d,CMR,CMR.3_1,Cameroon,Est,East,955179.3019607838,
000000ac1361b5268e55,CAF,CAF.8_1,Central African Republic,MambÃ©rÃ©-KadÃ©Ã¯,Haute-Sangha|MambÃ©rÃ© KadÃ©i,484439.4784313726,
00000ee5809a36127e9b,CAF,CAF.16_1,Central African Republic,Sangha-MbaÃ©rÃ©,Sangha|Sangha-Ã‰conomique|Sangha M'baÃ©rÃ©,150296.79999999984,
000029a251a27e50f87f,COG,COG.7_1,Republic of Congo,Likouala,,195386.66666666645,
000089c112fea7ff3c93,COG,COG.3_1,Republic of Congo,Cuvette-Ouest,,79643.0509803921,
000079303b39afc72ba2,COG,COG.4_1,Republic of Congo,Cuvette,,209594.00784313717,
00000595878e537e44ad,COD,COD.2_1,Democratic Republic of the Congo,Ã‰quateur,,1539410.7607843122,
00003974b6f6c2b66948,COD,COD.23_1,Democratic Republic of the Congo,Sud-Ubangi,,2516816.6039215703,
00001efd85635b94235a,COD,COD.18_1,Democratic Republic of the Congo,Mongala,,1791184.6156862709,
0000b4e3f1564d04371a,COD,COD.26_1,Democratic Republic of the Congo,Tshuapa,,1631089.890196076,
0000c93131fce0830cee,COD,COD.25_1,Democratic Republic of the Congo,Tshopo,,2682119.7803921546,
0000b1f4aa4fb61d2348,COD,COD.20_1,Democratic Republic of the Congo,Nord-Ubangi,,1282122.1764705873,
0000a040890be13281d7,COD,COD.1_1,Democratic Republic of the Congo,Bas-UÃ©lÃ©,,1306919.8666666658,
00001ad59ec040f20dcf,CAF,CAF.3_1,Central African Republic,Basse-Kotto,,336903.7529411763,
00001520d603a4543923,CAF,CAF.9_1,Central African Republic,Mbomou,M'Bomou,228947.84313725468,
0000daf335a5637b156f,CAF,CAF.13_1,Central African Republic,Ouaka,,377354.3411764695,
00007c6081bc29fffecc,CAF,CAF.12_1,Central African Republic,Ombella-M'Poko,Ombella-Mpoko|Ombella-Mpoko|Ombelle Mpoko,1080935.6235294128,
00005d43643478cab468,CAF,CAF.7_1,Central African Republic,Lobaye,,361345.8117647054,
00003e6190ed677a4eab,CAF,CAF.2_1,Central African Republic,Bangui,,327637.4901960784,
00006e02d41522947da6,CAF,CAF.15_1,Central African Republic,Ouham,,474449.74901960685,
0000c3db4d2a7c0a750b,CAF,CAF.14_1,Central African Republic,Ouham-PendÃ©,,543777.5411764701,
00005bf3c3cfea95170f,CAF,CAF.6_1,Central African Republic,KÃ©mo,KÃ©mo-Gribingui|KÃ©mo-Ibingui,162542.31764705852,
0000bcc5b7361d8466f0,CAF,CAF.10_1,Central African Republic,Nana-GrÃ©bizi,Nana-Gribingui|Gribingui|Gribingui-Ã‰conomique|Ibingui|Nana Gribizi,147176.17254901977,
00009d106bf3c7348814,CAF,CAF.5_1,Central African Republic,Haute-Kotto,,116111.76078431355,
000078f95389c40d7aa6,CAF,CAF.1_1,Central African Republic,Bamingui-Bangoran,Bamingui-Bangora|N'DÃ©lÃ©|NdÃ©lÃ©,65847.74901960787,
000017fa49bf878f0495,CAF,CAF.17_1,Central African Republic,Vakaga,Birao,62767.188235294125,
0000822373c7d739bb1d,TCD,TCD.18_1,Chad,Salamat,,315684.72156862705,
0000669ff2dd5fd626c5,TCD,TCD.16_1,Chad,Moyen-Chari,,610817.5058823528,
00005c4bd53a55ca76b7,TCD,TCD.7_1,Chad,GuÃ©ra,Guera|Baguirmi,565454.9568627446,
0000dc4f8859096f9183,TCD,TCD.13_1,Chad,Mandoul,,647018.08627451,
0000e16bba014f27175a,TCD,TCD.12_1,Chad,Logone Oriental,Logone-Oriental,903430.6470588227,
0000acef020b7017401c,TCD,TCD.11_1,Chad,Logone Occidental,Logone-Occidental,622355.031372549,
00003e7e5c9b2223d7ed,TCD,TCD.20_1,Chad,TandjilÃ©,Tandjile,693574.5960784314,
0000b4384a316e0e38e0,TCD,TCD.4_1,Chad,Chari-Baguirmi,,641491.8588235293,
000059cfee45c012798d,TCD,TCD.14_1,Chad,Mayo-Kebbi Est,,783024.6509803918,
000098ab3a5abe215e6d,TCD,TCD.15_1,Chad,Mayo-Kebbi Ouest,,568114.8000000004,
00003af4f9497d8f16c6,CMR,CMR.4_1,Cameroon,ExtrÃªme-Nord,Extreme-North,4172877.3137254864,
00007c35f4157aa5ba83,CMR,CMR.7_1,Cameroon,Nord,North,2451075.3921568557,
0000ada3abdf7978211d,CMR,CMR.1_1,Cameroon,Adamaoua,Adamoua|Adamaua|Adamawa,1210338.2980392177,
000046b4e30b2e3200e3,CAF,CAF.11_1,Central African Republic,Nana-MambÃ©rÃ©,Bouar-Baboua|Buar-Baboua|Nana NambÃ©rÃ©,310749.8352941176,
00000867a59d56218d59,NGA,NGA.2_1,Nigeria,Adamawa,,3624590.219607844,
000073643076e8624903,NGA,NGA.8_1,Nigeria,Borno,,5205735.235294119,
000009270cb3ea6b09f7,NGA,NGA.16_1,Nigeria,Gombe,,3119404.3803921565,
0000b23f872544d8fbf4,NGA,NGA.36_1,Nigeria,Yobe,,3019910.576470593,
00001dc71b8047efc22f,NER,NER.2_1,Niger,Diffa,,567207.9960784313,
00006681547ff8353236,NER,NER.8_1,Niger,Zinder,,3250925.4392156927,
000020579476e8fc7563,TCD,TCD.10_1,Chad,Lac,,459100.6431372547,
0000b9fc837d7ca3cf54,TCD,TCD.8_1,Chad,Hadjer-Lamis,,585247.5411764701,
00007ab78b732c2af994,TCD,TCD.9_1,Chad,Kanem,,364026.90588235296,
0000acf66acc0cd20e98,TCD,TCD.1_1,Chad,Barh el Ghazel,,266224.5137254901,
00009570f0b01a3a9075,TCD,TCD.22_1,Chad,Ville de N'Djamena,N'Djamena,1024986.3607843135,
0000fd665106236d84ac,TCD,TCD.2_1,Chad,Batha,,538626.9882352931,
000039b02c55bd96ec33,TCD,TCD.19_1,Chad,Sila,,301003.8980392147,
000019d7bb4523a554e0,SDN,SDN.4_1,Sudan,Central Darfur,Zalingei,973440.2235294103,
00000db0de341657ccbf,SDN,SDN.16_1,Sudan,West Darfur,DÄrfÅ«r al GharbÄ«yah|Gharb DÄrfÅ«r,664090.3647058824,
0000aba16bfdbc7762f5,TCD,TCD.17_1,Chad,OuaddaÃ¯,Ouaddai|OuadaÃ¯,747090.4627450972,
0000ac555ceadbca493a,TCD,TCD.23_1,Chad,Wadi Fira,Biltine,568912.7725490195,
0000c527587703b8d914,TCD,TCD.3_1,Chad,Borkou,Borkou,101850.50196078414,
0000e2a2691bad497596,TCD,TCD.6_1,Chad,Ennedi Ouest,,49847.447058823556,
0000616bfaf1685914e3,TCD,TCD.5_1,Chad,Ennedi Est,,62067.282352941285,
000072b78f2a0fbc9dba,LBY,LBY.6_1,Libya,Al Kufrah,al-Kufra|Kufra|Kofra|Cufra,53314.95686274511,
0000225b57fcce60d28e,TCD,TCD.21_1,Chad,Tibesti,,22088.772549019617,
00004b1e7457bc4c7322,NER,NER.1_1,Niger,Agadez,AgadÃ¨s,575770.4666666663,
0000ab8f0af795ee1bc1,DZA,DZA.41_1,Algeria,Tamanghasset,Tamanrasset|Tamenghasset|Tamenghest|Fort Laperrine,201798.1568627451,
000079b624a9c01dd811,NER,NER.6_1,Niger,Tahoua,,3024113.533333332,
000073023c8fcb4586e2,NER,NER.4_1,Niger,Maradi,,3483118.1411764724,
0000d86aa1085ab294b8,NGA,NGA.18_1,Nigeria,Jigawa,,5553237.215686262,
0000723d38fb21273cc9,NGA,NGA.20_1,Nigeria,Kano,,1.4443786874509785E7,
0000610b5ea69a267710,NGA,NGA.21_1,Nigeria,Katsina,,7216323.1176470565,
0000d94d8a3f00e63790,NGA,NGA.34_1,Nigeria,Sokoto,,4576290.070588227,
0000012b8844096096cb,NGA,NGA.37_1,Nigeria,Zamfara,,4169229.9333333345,
00008f769bcd71d9168b,NER,NER.7_1,Niger,TillabÃ©ry,TillabÃ©ri,2822647.3764705877,
0000ebf638a08a7e99f6,NER,NER.3_1,Niger,Dosso,,2279355.349019606,
00004e20811d771dfc39,NER,NER.5_1,Niger,Niamey,,1504774.6117647053,
00006d54606fae2ab48b,DZA,DZA.33_1,Algeria,Ouargla,Wargla,616710.737254902,
000032eaad687ee5d47a,DZA,DZA.22_1,Algeria,Illizi,Polignac|Fort Polignac|Ilizi,58426.91764705883,
000045bd7f6e424ee3b6,LBY,LBY.14_1,Libya,Ghat,Gat,25675.73333333333,
00000666f5049f471c75,LBY,LBY.22_1,Libya,Wadi ash Shati',Wadi Al Shatii|Shati|Wadi ash-Shati'| WÄdÄ« aÅ¡ Å Äá¹­i'| AÅ¡ Å Äá¹­i',84922.87843137255,
0000251b3b814e8b4c40,LBY,LBY.17_1,Libya,Nalut,NÄlÅ«t|Nalut LalÅ«t,105851.57647058822,
0000d8a5d00b3984a451,TUN,TUN.21_1,Tunisia,Tataouine,Foum Tataouine|Tatahouine|Tatuine|TaÅ£ÄwÄ«n,148902.8980392157,
00005a323f59aa68627a,DZA,DZA.18_1,Algeria,El Oued,El Ouadi|El Wad,738306.2039215687,
0000638ca12d418af567,TUN,TUN.10_1,Tunisia,Kebili,Kebilli|Qbili|QibilÄ«,156318.6,
0000600e936d1cf4d96a,TUN,TUN.5_1,Tunisia,GabÃ¨s,QÄbis|GabÄs,368680.32549019577,
00009b68f023a9d83a6d,TUN,TUN.14_1,Tunisia,MÃ©denine,MadanÄ«yÄ«n|MadanÄ«n|Medenin,467254.80784313707,
000077cb5b6e52d1523e,TUN,TUN.6_1,Tunisia,Gafsa,Gafá¹£ah|Qafá¹£ah,335710.66274509806,
0000ecc0283050adfab3,TUN,TUN.22_1,Tunisia,Tozeur,Tawzar|Touzar|TÅ«zar,105642.75686274508,
0000ed58bb4c157a03d5,DZA,DZA.42_1,Algeria,TÃ©bessa,Tbessa,737322.1254901959,
0000ce71371588120c0b,DZA,DZA.24_1,Algeria,Khenchela,Khenchela,434699.82352941146,
0000dc15b0a6faf9b3df,DZA,DZA.9_1,Algeria,Biskra,Beskra,817785.4784313722,
0000e12cf1ae0d51448a,DZA,DZA.16_1,Algeria,Djelfa,El Djelfa,1317483.588235292,
0000c27c4952db688c5f,DZA,DZA.25_1,Algeria,Laghouat,,528642.0666666662,
0000b688dfb6c128e5bf,DZA,DZA.20_1,Algeria,GhardaÃ¯a,GhardaSa|Gharday,423803.87843137234,
0000bbea01cd13303cf0,DZA,DZA.26_1,Algeria,M'Sila,Msila,1117419.7647058805,
0000943b12b8c39b3cc1,DZA,DZA.43_1,Algeria,Tiaret,Tendouf|Tihert,948470.8274509809,
0000dc32ed271907eadf,DZA,DZA.35_1,Algeria,Relizane,Ghelizane|Ghilizane,832222.415686276,
00003a746016ffd32728,DZA,DZA.14_1,Algeria,Chlef,El Asnam|OrlÃ©ansville|Ech Cheliff,1142077.0352941183,
000094fef22cbfa30171,DZA,DZA.46_1,Algeria,Tissemsilt,Vialar,335343.925490196,
0000e643484d37b3de29,DZA,DZA.2_1,Algeria,AÃ¯n Defla,Ain Dafla,874585.827450979,
00007942eaae7537625b,DZA,DZA.45_1,Algeria,Tipaza,Tibaza| Tefessedt,683002.568627451,
00009c8d53095e02ad48,DZA,DZA.28_1,Algeria,MÃ©dÃ©a,El Mediyya|Lemdiyya,938156.2549019611,
0000fd92a0984f8894cc,DZA,DZA.6_1,Algeria,Batna,,1275168.0627450964,
000097566aa1aa72faab,DZA,DZA.11_1,Algeria,Bordj Bou ArrÃ©ridj,Borjbouarirej|Bordi Bou Arreridj,719267.678431372,
0000abed7ab41e008a53,DZA,DZA.37_1,Algeria,SÃ©tif,Stif,1692424.705882351,
00007390ac61ad72879a,DZA,DZA.12_1,Algeria,Bouira,,783625.3803921575,
0000502c37f0d0f0c8fa,DZA,DZA.47_1,Algeria,Tizi Ouzou,Tizi-ouzou|Tizi Wezzu,1267303.7803921576,
0000976df98db45d0aae,DZA,DZA.8_1,Algeria,BÃ©jaÃ¯a,Bougie|Bedjaya|Bidjaia|Bugia|Bujia,1031705.6078431377,
0000afbe9b4e6287b790,DZA,DZA.13_1,Algeria,BoumerdÃ¨s,Boumerdas,879791.5882352941,
000086624089902bb150,DZA,DZA.4_1,Algeria,Alger,Algeri|Algiers|Algier|al-Jazair|al-Djazair|El DjazaÃ¯r|Argel|Dzayer|DjezaÃ¯r,3322878.8313725493,
00005d867b16841d08f3,DZA,DZA.10_1,Algeria,Blida,El BoulaÃ¯da|Al-Boulaida,1133856.8823529414,
0000d85ec622a343b2e0,TUN,TUN.16_1,Tunisia,Nabeul,Cap Bon|Nabil|NÄbol|NÄbul,771451.1411764703,
00005a18aaf54dfbc4c0,TUN,TUN.23_1,Tunisia,Tunis,Tounis|Tunis City|TÅ«nus|TÃºnez|TÃºnis|Tunisi|TÅ«nis,913209.8039215688,
000008af31f7681b08b3,TUN,TUN.1_1,Tunisia,Ariana,Al AryiÄnah|L'Ariana|Tunis Ariana|Al AryÄnah,505732.5333333333,
0000ccbeb18d65d60dde,TUN,TUN.4_1,Tunisia,Bizerte,BanzartBanzart|Bensert|Binzart|Biserta|Bizerta,554580.870588235,
0000e1fb3aee3a85f643,TUN,TUN.13_1,Tunisia,Manubah,,536390.2392156865,
0000458454fa012d081e,TUN,TUN.2_1,Tunisia,BÃ©ja,BÄjah|BÃ©ja,301173.0235294117,
00006b8fb69094d00003,TUN,TUN.7_1,Tunisia,Jendouba,JendoÃ»bah|Jenduba|Jondouba|JundÅ«bah|Souk-El-Arba|Dschunduba,396945.0823529413,
000078cd8b8ffc710d42,DZA,DZA.39_1,Algeria,Skikda,Philippeville|Skidda,1015039.1411764706,
0000d894ba64acb67cc0,DZA,DZA.5_1,Algeria,Annaba,Anaba|Bona|BÃ´ne,712041.9176470591,
0000b2c85ad8beac27af,DZA,DZA.19_1,Algeria,El Tarf,Et Tarf|El Taref,466634.08627450984,
0000d19162bca6986ba8,DZA,DZA.21_1,Algeria,Guelma,,544795.9803921569,
0000f175f373f193e08a,DZA,DZA.40_1,Algeria,Souk Ahras,Souk-Ahras|Souq Ahras,498144.72549019655,
000085154b54465b369f,DZA,DZA.34_1,Algeria,Oum el Bouaghi,Oum el Bouagui|Canrobert,729834.7098039215,
0000dc73e5470e0d33db,DZA,DZA.15_1,Algeria,Constantine,Constantina|Costatina|Qoussantina|Qacentina,1067989.0039215684,
000033406c7bf6d23640,DZA,DZA.29_1,Algeria,Mila,,868422.2705882356,
00001df1331d4cea59d1,DZA,DZA.23_1,Algeria,Jijel,Djidjel| Djidjelli,705308.6784313729,
0000afa6291168a7398b,TUN,TUN.9_1,Tunisia,KassÃ©rine,Al Qaá¹£rayn|Al Gaá¹£rÄ«n|Al Qasrin|Kasserim|Al Qaá¹£rayn|Sbeitla,437137.64705882326,
000048fb9a8564a20609,TUN,TUN.18_1,Tunisia,Sidi Bou Zid,SÄ«dÄ« BÅ« Zayd|Qamudah|Sidi BoÃ» Sa`Ã®d|Sidi Buzid|Sidi BÅ« Sa`Ä«d|SÄ«dÄ« BÅ« Zayd|Sidi Bu Said,428106.04313725483,
000052368a896a7f5072,TUN,TUN.11_1,Tunisia,Le Kef,Al KÄf|El Kef|Kaf|Kef,241650.35686274504,
00009d52215827d48410,TUN,TUN.19_1,Tunisia,Siliana,SiliÄnah|SilyÄnah,222214.5568627452,
00003a1c0f3cd322bad3,TUN,TUN.8_1,Tunisia,Kairouan,Al QayrawÄn|Al QÄ«rwÄn|QairouÃ¢n|KairuÃ£|Kairouwan,568410.7333333337,
0000dda381b4116f31af,TUN,TUN.24_1,Tunisia,Zaghouan,Tunis South|Zachouan|Zaguan|ZaghwÄn|Saghuan,176518.65490196078,
0000533b7744e5d65c0e,TUN,TUN.20_1,Tunisia,Sousse,Sousa|Sussa|Susse|Susa|SÅ«sah,663243.9921568624,
0000f977e586c7bc0a45,TUN,TUN.3_1,Tunisia,Ben Arous (Tunis Sud),Bin `ArÅ«s|Ben Arous|Tunis Ben Arous,604612.0431372549,
0000ec95125f740ee3e6,TUN,TUN.12_1,Tunisia,Mahdia,Al MadÄ«yah|Al Mahdiyya|MahdiÃ¢h,402766.5764705881,
0000e898bbff0a99c744,TUN,TUN.15_1,Tunisia,Monastir,Al MunastÄ«r,531469.9843137257,
0000b82b524198aef51f,TUN,TUN.17_1,Tunisia,Sfax,SafÄqis|á¹¢afÄqis|á¹¢fÄqis,939173.2901960798,
0000381f75be62bf43a4,LBY,LBY.7_1,Libya,Al Marj,Marj|Al MarÇ§,47283.40784313725,
00001d96419fc91c9055,LBY,LBY.2_1,Libya,Al Jabal al Akhdar,Jabal al Akhdar|Jabal al-Akhá¸ar|Jebel el-Akhdar,340272.1921568627,
000011a0c02ffd8b896a,LBY,LBY.13_1,Libya,Darnah,Darana|Darna|Derna,159971.98039215687,
000028144fa79de53464,LBY,LBY.9_1,Libya,Al Wahat,Al Wahat|Al Wahad|Al Wahah|Al WÄá¸¥Ät,197402.85882352942,
00003afbd1c06be05d43,LBY,LBY.12_1,Libya,Benghazi,BanghÄzÄ«,901359.070588235,
0000bdeb96b948f29a31,LBY,LBY.19_1,Libya,Surt,Sirte|Sirt,149723.8274509803,
0000e6436db48eb16362,LBY,LBY.5_1,Libya,Al Jufrah,Jufra|Jofra|,57637.50980392157,
0000877614ca33f22e0b,LBY,LBY.15_1,Libya,Misratah,Misrata|Miá¹£rÄtah|MÉ™á¹£rÄtah,593796.5058823525,
000009f66e61d0190757,LBY,LBY.8_1,Libya,Al Marqab,Murqub|Al Murgub| al-Morqib,481569.91372549,
000041cab414af661d7b,LBY,LBY.3_1,Libya,Al Jabal al Gharbi,Al Ç¦abal al Gharbi,223038.79607843116,
0000eee7b89ae21c6168,LBY,LBY.20_1,Libya,Tripoli,Tripoli|Shab'iyaáº— á¹¬arÄbulus,1167409.929411764,
000095b905c14143b22c,LBY,LBY.4_1,Libya,Al Jifarah,Jafara|Al Jfara|Al Jfara|Al `Aziziyah|al-Ghifara|Al `Aziziyah,496488.67058823514,
00008aa6dd664768d200,LBY,LBY.11_1,Libya,Az Zawiyah,Az ZÄwiya|Zawiya,290838.0980392159,
0000284de301cc667747,LBY,LBY.10_1,Libya,An Nuqat al Khams,an-Niqat al-Hams|Nigat al Khums,320293.3960784313,
00002902c83ecfb4e8c1,LBY,LBY.18_1,Libya,Sabha,Sabhah|Sebha|SabhÄ,147106.17647058822,
0000fd46ff6c275add0b,LBY,LBY.16_1,Libya,Murzuq,,86395.02352941177,
0000ad24f7fcfd9bf162,LBY,LBY.21_1,Libya,Wadi al Hayat,Wadi Al Hayaa|WÄdÄ« al á¸¤ayÄh,84700.07058823525,
0000057b9c0420c9317a,SDN,SDN.10_1,Sudan,Northern,Ash ShamÄlÄ«|Ash ShamÄlÄ«yah|Nord,802432.2705882343,
000059cbea3af4c852b2,EGY,EGY.14_1,Egypt,Al Wadi al Jadid,Al Wadi/Al Jadid|El-Wadi El-Gidid|New Valley|Novo Vale|OuÄdi El GuedÄ«d|Southern Desert,221728.36862745092,
0000602aedb01676f96a,EGY,EGY.17_1,Egypt,Aswan,Assouan|AssuÃ£|AssuÃ¡n|Syene,1411194.8941176469,
0000016e4e3839efab03,SDN,SDN.12_1,Sudan,River Nile,"an NÄ«l, Nahr an NÄ«l| Nil| Nile| Nile River|Nilen|Nilo",1286217.8588235292,
000080ea394c2da75db6,SDN,SDN.11_1,Sudan,Red Sea,Baá¸¥r al Aá¸¥mar|Mar Rojo|Mar Rosso|Mar Vermelho|Mer Rouge|RÃ¶da havet|RÃ¸dehavet|Rotes Meer,1577310.9254901947,
0000daf0b55560406d33,EGY,EGY.2_1,Egypt,Al Bahr al Ahmar,Mar Rojo|Mar Vermelho|Mer Rouge|Red Sea,310022.94117647066,
0000736da51ad6e8f174,EGY,EGY.10_1,Egypt,Al Minya,Minia|Minieh|Menia|Minya,5052407.188235295,
00005c3acf34cb8adc41,EGY,EGY.8_1,Egypt,Al Jizah,El Giza|El GÄ«zah|Gizeh|Giza|GuizÃ¨h,8221835.611764701,
00007a36cd47ea016647,EGY,EGY.18_1,Egypt,Asyut,Asyiut|Assiout|Assiut|Assyut|Asyout,4161519.819607843,
00003f3b2f6065fc153f,EGY,EGY.27_1,Egypt,Suhaj,Girga|Girgeh|SawhÄj|Sohag|Suhag,4516916.894117646,
00009f94b6cd3248c833,EGY,EGY.25_1,Egypt,Qina,Kena|Qena|Quena,3515683.270588234,
0000bed240f0d51a9f50,EGY,EGY.13_1,Egypt,Al Uqsur,Luxor,614327.7568627449,
0000d897e0926d3461dc,EGY,EGY.19_1,Egypt,Bani Suwayf,Beni Suwayf|Beni Souef|Beni Suef,2796824.9764705864,
0000da0292bb4103d0d5,EGY,EGY.22_1,Egypt,Janub Sina',Janub Sina|Sina al-Janubiyah|Sina' al-JanÅ«bÄ«yah|Sinai al JanÅ«bÄ«a|South Sinai|Sud SinaÄ«,155132.67843137257,
00004cd919185208d2d9,EGY,EGY.26_1,Egypt,Shamal Sina',Shamal Sina|Nord SinaÃ¯|North Sinai|Sina ash-ShamÄlÄ«yah|Sinai ash ShamÄlÄ«ya,426476.419607843,
0000291acba6eb93d87f,EGY,EGY.15_1,Egypt,As Suways,El Suweiz|Es Suweis|Suez,598839.0705882348,
0000c2a5b14a32848ce0,EGY,EGY.11_1,Egypt,Al Qahirah,Cairo|El Cairo|El Qahira|Le Caire,8568512.992156863,
000082efa8c0a9d5b916,EGY,EGY.7_1,Egypt,Al Isma`iliyah,As Ismailiyah|Ismailia|IsmaÃ¯lia|Isma'iliya,1157539.5294117657,
0000dfb0c9d9153d89b0,EGY,EGY.16_1,Egypt,Ash Sharqiyah,Charkieh|Sharqia|SharqÄ«ya|Sharquia|Sharkia,6409207.462745096,
0000379abf4b5cda2f04,EGY,EGY.12_1,Egypt,Al Qalyubiyah,Caliubia|Kalioubieh|Kalioubiya|Qaliyubia|Qalyubiya|Kalyoubia|Kalyubia,5089901.91372549,
00009a5601ae0a02f01b,EGY,EGY.9_1,Egypt,Al Minufiyah,Menoufieh|Menufia|MenÅ«fÄ«ya|MinÅ«fÄ«ya|Munufia|Menoufia|Minufia,3911219.313725492,
00000df60cc8c2e69d50,EGY,EGY.3_1,Egypt,Al Buhayrah,Beheira|Behera|El Buhayra|BÃ©hÃ©ra,5671321.745098047,
00003b192963e9e0654f,EGY,EGY.4_1,Egypt,Al Fayyum,El Faiyum|el Fayoum|Faium|FaiyÅ«m|Fayum|Fayoum|Fayyum,3090312.8313725493,
0000b56e6ffe6786c6eb,EGY,EGY.24_1,Egypt,Matrouh,MarsÄ MatrÅ«h|Mersa Matruh|Western Desert|Matrouh,396744.2509803924,
00008001ac5c81c258fc,EGY,EGY.6_1,Egypt,Al Iskandariyah,Alexandria|Alexandrie|El Iskandariya,4605406.137254906,
000063715c2dfbc7e237,LBY,LBY.1_1,Libya,Al Butnan,Tobruk|Tubruq|Butnan,172027.44705882354,
000070396929a610e747,EGY,EGY.5_1,Egypt,Al Gharbiyah,al-GarbÄ«yah|El Gharbiya|Garbia|Gharbieh|GharbÄ«ya|Gharbia,4730999.776470592,
0000fd4ce439fe62c1ea,EGY,EGY.23_1,Egypt,Kafr ash Shaykh,Kafr-El-Sheikh|Kafr ash Shaikh|Kafr ash-Shayk|Kafr el Sheik|Kafr el Sheikh,3156107.290196078,
0000e95159561751cd31,EGY,EGY.1_1,Egypt,Ad Daqahliyah,Al Daqahliyah|Dacahlia|Dagahlia|Dakahlieh|Dakahliya|Dakalieh|DaqalÄ«ya|Dakahlia|Dekahlia,5901168.219607838,
00009b4ffa61f5b96516,EGY,EGY.21_1,Egypt,Dumyat,Damietta|Damiette|DumiÄt,1339761.4470588244,
0000efbef851a12a3e55,EGY,EGY.20_1,Egypt,Bur Sa`id,Bur Said|Canal|Port Said|Port-SaÃ¯d,655156.9333333336,
0000ae87123dd27079fb,ERI,ERI.3_1,Eritrea,Debubawi Keyih Bahri,Southern Red Sea|Debubawi Keyh Bahri|Debub-Keih-Bahri|al-Bahru al-Ahmaru al-Janubi,155814.92549019615,
0000e79b9f8dc899fcbc,ERI,ERI.2_1,Eritrea,Debub,Southern|al-Janubiyah,1119263.2196078424,
00009f1cae33709c41a1,ETH,ETH.11_1,Ethiopia,Tigray,TegrÃ©|Tigrai|Tigre,5696060.431372572,
0000ff47f983bc2eaa6c,ETH,ETH.2_1,Ethiopia,Afar,,1911163.4039215683,
0000818b3229b89b43c3,DJI,DJI.5_1,Djibouti,Tadjourah,Tadjoura,83527.6352941176,
000066648d934d7f71cb,DJI,DJI.4_1,Djibouti,Obock,,33774.325490196075,
00005c63b32e9de4cd40,YEM,YEM.1_1,Yemen,`Adan,Aden,751776.1568627451,
0000295fcf6cc847441c,DJI,DJI.3_1,Djibouti,Djibouti,,474796.3215686272,
000080cd0e9ec710999d,DJI,DJI.1_1,Djibouti,Ali Sabieh,`Ali SabÃ®h,84606.60392156866,
00008a651976f0ae9449,DJI,DJI.2_1,Djibouti,Dikhil,Dikkil,96424.03529411765,
000077e4edf133908ae4,SOM,SOM.1_1,Somalia,Awdal,Adal | Adel,479370.5725490197,
0000b9c0a04df12e9a5e,ETH,ETH.9_1,Ethiopia,Somali,Sumale,5616761.74509805,
0000f81a8204cd1d48c4,SOM,SOM.18_1,Somalia,Woqooyi Galbeed,North-West| W.Galbeed| Woqooyi Gelbeed,859843.4862745077,
00003ddf78c5ec81b406,SOM,SOM.17_1,Somalia,Togdheer,Tog-Dheer| Togdheer| Togder,659139.9803921551,
0000da7b6a15b51d1436,ETH,ETH.8_1,Ethiopia,Oromia,Oromiya,3.394622853333325E7,
00008196d831a3f551f8,ETH,ETH.5_1,Ethiopia,Dire Dawa,,455566.0784313725,
00000bbd4719918b9bc1,ETH,ETH.7_1,Ethiopia,Harari People,Hareri,239033.39215686257,
000002735c556a4a04f4,ETH,ETH.3_1,Ethiopia,Amhara,Amara,2.5004595796078466E7,
0000c99cbfa4aac967f1,ETH,ETH.10_1,Ethiopia,"Southern Nations, Nationalities and Peoples",SNNPR,1.8678870568627473E7,
000064ff29c9f2b143bb,ETH,ETH.1_1,Ethiopia,Addis Abeba,Ä€ddÄ«s Ä€baba|Addis Ababa|Adis-Abeba|Ä€dÄ«s Ä€beba,3922925.282352941,
00007f05a0c8c1b446ff,ETH,ETH.4_1,Ethiopia,Benshangul-Gumaz,Beneshangul Gumu,839663.3803921578,
0000ae767a0f45156b05,SDN,SDN.3_1,Sudan,Blue Nile,An NÄ«l al Azraq|Nil Bleu|Nilo Azul,946269.2313725487,
0000fa5bacc49050b26f,SDN,SDN.13_1,Sudan,Sennar,Sinnar,1456038.7019607797,
0000ab836fe10d80c524,SDN,SDN.2_1,Sudan,Al Qadarif,Gedarif|Gadarif|Gedaref|Gederaf,1634008.984313723,
0000735e03ccdeff43dc,SDN,SDN.6_1,Sudan,Kassala,Cassala|Kessala,1980084.6196078411,
00004e31f6720c4ca5fc,ERI,ERI.4_1,Eritrea,Gash Barka,Gash-Barka|al-Qash wa-Barka|Debubawi Gash Barka,1240514.6549019597,
0000cecdd387b0c4423c,ERI,ERI.5_1,Eritrea,Maekel,Central|al-Markaziyah|Maakel|Maekelay|Ma'kil|Makelay,1625449.3764705863,
000016e7bed6e7290df2,ERI,ERI.1_1,Eritrea,Anseba,Ansaba|A'Nseba,1243012.5411764702,
00007aaaa891b2855980,ERI,ERI.6_1,Eritrea,Semenawi Keyih Bahri,Northern Red Sea|al-Bahru al-Ahmaru ash-Shimali|Semenawi Keyh Bahri|Semien-Keih-Bahri,926346.9803921559,
0000bf6ded5fa2c555b2,SDN,SDN.7_1,Sudan,Khartoum,Al KharÅ£Å«m| Al KhurÅ£Å«m| Cartum|Jartum| Khartum,6075201.945098039,
0000f84f4a1b81e97b06,SDN,SDN.1_1,Sudan,Al Jazirah,Gezira,4128605.0431372523,
0000977481f539399c43,SDN,SDN.18_1,Sudan,White Nile,An Baá¸¥r al Abyad|An NÄ«l al-Abyad|Nil Blanc|Nilo Branco,1933694.7803921548,
0000c65d8bdb4c8cdd57,SDN,SDN.9_1,Sudan,North Kurdufan,KurdufÄn ash ShamÄlÄ«yah|ShamÄl KurdufÄn|North Kordofan|Kordofan septentrional,1839831.8000000003,
0000909cbb0668c1a69f,SDN,SDN.8_1,Sudan,North Darfur,DÄrfÅ«r ash ShamÄlÄ«yah| ShamÄl DÄrfÅ«r| Darfur septentrional,2438638.4431372522,
0000660a84f04ff6ab2e,SDN,SDN.17_1,Sudan,West Kurdufan,Gharb KurdufÄn| Gharb Kurdufun| KurdufÄn al GharbÄ«yah| Western Kordofan,2127476.486274508,
0000cc9aed68e90d14f7,SDN,SDN.5_1,Sudan,East Darfur,,1716915.7058823523,
0000e0a9cfc000769b32,SDN,SDN.14_1,Sudan,South Darfur,DÄrfÅ«r al JanÅ«bÄ«yah| JanÅ«b DÄrfÅ«r| Darfur mÃ©ridional| Southern Darfur,2805878.8549019583,
000058c49a8442a7e059,SSD,SSD.9_1,South Sudan,West Bahr-al-Ghazal,Bahr al-GhazÄl al GharbÄ«yah|Gharb Bahr al-GhazÄl |Bahr el-Ghazal occidental| Western Bahr el Ghazal,280590.11764705763,
0000f3258289338b85c1,SSD,SSD.5_1,South Sudan,North Bahr-al-Ghazal,North Bahr-al-Gazal| North Bahr el Ghazal| Shamal Bahr al Ghazal,1176780.5176470564,
00008c3031ef99a17707,SSD,SSD.6_1,South Sudan,Unity,Al-Wahdah| Wahda,822832.6666666658,
0000b7270d8a658d76f9,SDN,SDN.15_1,Sudan,South Kurdufan,Southern Kordofan|South Kordufan|JanÅ«b KurdufÄn|Janub Kurdufun|KurdufÄn al JanÅ«bÄ«yah|Kordofan mÃ©ridional,1091199.4274509815,
000061b77b7d1b67df83,SSD,SSD.3_1,South Sudan,Jungoli,Jonglei| Jonglie| Jonqley| Junglei| JunqalÄ«| Jongley,1856577.0352941176,
0000d282d12eb42c340d,SSD,SSD.7_1,South Sudan,Upper Nile,Upper Nile|Sobat|a`Ä€lÄ« an NÄ«l|Nil supÃ©rieur,1409367.376470589,
0000a0aa897afbe9479a,ETH,ETH.6_1,Ethiopia,Gambela Peoples,Gambela,328874.93725490104,
0000259b25670027a887,SSD,SSD.2_1,South Sudan,Eastern Equatoria,Al IstiwÄ'Ä«yah ash SharqÄ«yah| Sharq al IstiwÄ'Ä«yah| Ã‰quatoria oriental,1265578.113725489,
0000d5c43dd5710bc254,KEN,KEN.43_1,Kenya,Turkana,,985355.7647058823,
0000aa19b6883ff761d3,UGA,UGA.28_1,Uganda,Kotido,,560763.1803921567,
0000d66cba74b48b8fa8,SSD,SSD.1_1,South Sudan,Central Equatoria,Bahr el Gabel| Bahr-al-Jabal,1565300.4235294135,
00003a858435c097ed22,SSD,SSD.4_1,South Sudan,Lakes,,977590.5607843145,
00003194b65cfd22eb1e,SSD,SSD.10_1,South Sudan,West Equatoria,Al IstiwÄ'Ä«yah al GharbÄ«yah|Gharb al IstiwÄ'Ä«yah| Ã‰quatoria occidental,874025.6274509785,
00001fa50e58b0fb9a4a,COD,COD.5_1,Democratic Republic of the Congo,Haut-UÃ©lÃ©,,2137056.949019605,
0000e10ea8096e028189,SSD,SSD.8_1,South Sudan,Warap,Warab|Warrab,1319905.5529411745,
0000cd1cf1a2cd935114,CAF,CAF.4_1,Central African Republic,Haut-Mbomou,Haut-M'bomou|Obo-Zemio,63675.137254902016,
00008daca10b1b847f04,COD,COD.6_1,Democratic Republic of the Congo,Ituri,,4152019.1882352927,
0000a488386fdb660354,COD,COD.19_1,Democratic Republic of the Congo,Nord-Kivu,,6753562.18039216,
0000fb40d87511af6ceb,UGA,UGA.5_1,Uganda,Bundibugyo,,307696.3098039218,
0000ace61fdebbf7e6c1,UGA,UGA.13_1,Uganda,Kabarole,,531720.9098039211,
00001a00ddbc42d2c157,UGA,UGA.21_1,Uganda,Kasese,,767739.9882352939,
0000eb8589fc7864f6f4,UGA,UGA.18_1,Uganda,Kamwenge,,389841.2784313723,
00004c268e75c1eec3c0,UGA,UGA.39_1,Uganda,Mbarara,,1618119.3058823526,
00007099f2f7724a5832,UGA,UGA.30_1,Uganda,Kyenjojo,,558851.5490196077,
0000be76e9363db40300,UGA,UGA.53_1,Uganda,Sembabule,,268002.1607843136,
00008abef4ad8a310df7,UGA,UGA.43_1,Uganda,Mubende,,1019238.3921568627,
000092a87d4063a9fb4a,UGA,UGA.35_1,Uganda,Masaka,,1149242.498039216,
0000786e6549db9ba87f,UGA,UGA.42_1,Uganda,Mpigi,,605510.6784313722,
0000a75ac2f51446647f,UGA,UGA.24_1,Uganda,Kibale,Kibaale,600114.0392156856,
0000c2f829be0f913e59,UGA,UGA.25_1,Uganda,Kiboga,,341090.30196078436,
0000423cbdf24388a46a,UGA,UGA.31_1,Uganda,Lake Albert,,6799.843137254905,
0000290eac099342fb8a,UGA,UGA.9_1,Uganda,Hoima,,505340.4823529414,
0000746ee8a0d475e55b,UGA,UGA.36_1,Uganda,Masindi,,679958.7137254894,
0000e1a1d0ee891201fa,UGA,UGA.3_1,Uganda,Arua,,1245775.286274509,
000074b5eb36f8aad5b2,UGA,UGA.58_1,Uganda,Yumbe,,371049.6509803923,
0000aecc4df63893d820,UGA,UGA.41_1,Uganda,Moyo,,287284.8117647059,
0000a4e1377e71e30a8d,UGA,UGA.1_1,Uganda,Adjumani,,300639.02745098074,
000064d014a1fd2425c8,UGA,UGA.8_1,Uganda,Gulu,,707096.2352941171,
00008dcd94e4f0fd2f14,UGA,UGA.47_1,Uganda,Nebbi,,639146.7215686275,
0000edef51b4563e00b8,UGA,UGA.2_1,Uganda,Apac,,1014914.2549019611,
0000b6bd3f70328543e9,UGA,UGA.33_1,Uganda,Lira,,1105077.5568627454,
0000b4e1681723efdfab,UGA,UGA.49_1,Uganda,Pader,,484989.09019607847,
00007c611363482dd828,UGA,UGA.27_1,Uganda,Kitgum,,419376.80784313736,
00000ae08373e164040a,UGA,UGA.40_1,Uganda,Moroto,,280817.8196078432,
0000c680b17e2ba4e072,UGA,UGA.22_1,Uganda,Katakwi,,433811.20784313726,
0000708f65cbbc2a55e9,UGA,UGA.45_1,Uganda,Nakapiripirit,,231634.69411764698,
000005cfe8b0ebc7fe61,UGA,UGA.29_1,Uganda,Kumi,,577765.5176470595,
000087e8f9334e9b78ea,UGA,UGA.55_1,Uganda,Soroti,,548014.4666666668,
0000f9b94319dc11560a,UGA,UGA.54_1,Uganda,Sironko,,421175.86666666693,
00007ba75d9c81d5d7d5,UGA,UGA.20_1,Uganda,Kapchorwa,,282124.5294117647,
0000322c657a2f8b3a8a,UGA,UGA.38_1,Uganda,Mbale,,1057885.9686274517,
00005ca1fecc03816e7d,KEN,KEN.3_1,Kenya,Bungoma,,1852754.3450980384,
0000caf7eddbe8c46305,UGA,UGA.50_1,Uganda,Pallisa,,771564.588235294,
00007b6cc5eccd024f14,UGA,UGA.56_1,Uganda,Tororo,,793702.3921568628,
0000b205f78f1cbe924a,UGA,UGA.17_1,Uganda,Kamuli,,1049436.749019608,
0000ae469015c3b4f914,UGA,UGA.10_1,Uganda,Iganga,,1058636.9921568623,
00006eaa8c01cf41b1d2,UGA,UGA.14_1,Uganda,Kaberamaido,,194312.93333333332,
0000d4f70969a6a64374,UGA,UGA.46_1,Uganda,Nakasongola,,189296.24313725482,
0000275d7ae95af61a2d,UGA,UGA.34_1,Uganda,Luwero,Luweero,707920.3999999998,
0000ae294fe3e0ed1a08,UGA,UGA.23_1,Uganda,Kayunga,,437899.705882353,
0000cfc546a9107761d8,UGA,UGA.44_1,Uganda,Mukono,,1159308.2039215676,
000030d3aa67c9e7057b,UGA,UGA.11_1,Uganda,Jinja,,574223.9137254903,
0000c1b8a547d2d954c5,UGA,UGA.57_1,Uganda,Wakiso,,1321766.8941176475,
0000104a770d19ed9752,UGA,UGA.32_1,Uganda,Lake Victoria,,55126.29411764712,
0000851abfe96881c1a3,UGA,UGA.16_1,Uganda,Kampala,,1772730.4352941173,
0000e4eced8bb7d320f7,UGA,UGA.37_1,Uganda,Mayuge,,466959.5215686276,
000056612b1982e315e1,UGA,UGA.4_1,Uganda,Bugiri,,594856.474509804,
0000c1743d7e49c096cb,UGA,UGA.7_1,Uganda,Busia,,328035.62745098054,
000088bbc9548320dd98,KEN,KEN.4_1,Kenya,Busia,,858208.7960784317,
0000e49c1a9007588a99,KEN,KEN.11_1,Kenya,Kakamega,,1662300.9764705887,
0000dab3411082e8fc7f,KEN,KEN.38_1,Kenya,Siaya,,993547.6941176471,
0000d41f070d65bf04c4,KEN,KEN.45_1,Kenya,Vihiga,,633448.3333333331,
0000069897fd7733ac54,KEN,KEN.17_1,Kenya,Kisumu,,1145311.2274509808,
000003864b18350fc665,KEN,KEN.32_1,Kenya,Nandi,,880972.9490196082,
00005e6e02556128b31d,KEN,KEN.44_1,Kenya,Uasin Gishu,,1094068.6470588231,
00007c7d7735137706dc,KEN,KEN.5_1,Kenya,Elgeyo-Marakwet,,377555.03529411776,
000024a4e2e3b86a7160,KEN,KEN.12_1,Kenya,Kericho,,883223.007843138,
0000ac6802a502e7aec7,KEN,KEN.1_1,Kenya,Baringo,,634371.1764705877,
0000d6b1e78c82b0225d,KEN,KEN.47_1,Kenya,West Pokot,,640095.0588235288,
00007f2a767556417d3c,KEN,KEN.42_1,Kenya,Trans Nzoia,,950838.5607843136,
0000c2caecc64371b3bf,KEN,KEN.37_1,Kenya,Samburu,,257013.70196078415,
0000d6e27b968247bf95,KEN,KEN.25_1,Kenya,Marsabit,,330748.57647058787,
0000ca10233827ea1275,KEN,KEN.9_1,Kenya,Isiolo,,173448.08627450955,
0000c68c12cbefc05e06,KEN,KEN.20_1,Kenya,Laikipia,,461922.11372549087,
00007157aff87c4cf8fb,KEN,KEN.31_1,Kenya,Nakuru,,1872735.1882352934,
00009ccbb608b6d6dbd8,KEN,KEN.35_1,Kenya,Nyandarua,,696847.3294117644,
000099f3ade2b937a345,KEN,KEN.26_1,Kenya,Meru,,1582363.9254901956,
000047205a9950df1e1b,KEN,KEN.36_1,Kenya,Nyeri,,802223.8470588236,
00009b64a8653a8b302e,KEN,KEN.41_1,Kenya,Tharaka-Nithi,,419202.5725490195,
00007ca72364c7f9f7ce,KEN,KEN.7_1,Kenya,Garissa,,712011.1490196069,
00001f63df3bf8c78a63,KEN,KEN.46_1,Kenya,Wajir,,767079.4117647049,
000051373c7d310c2ffa,KEN,KEN.24_1,Kenya,Mandera,,1184479.0588235296,
00000b37a78d352e759e,SOM,SOM.7_1,Somalia,Gedo,Gado,485925.7921568629,
00000b0ccf2444d74c7b,SOM,SOM.8_1,Somalia,Hiiraan,Hiiran,449348.0392156864,
000094460e2b9c5cb036,SOM,SOM.2_1,Somalia,Bakool,,304571.3098039204,
0000a4337668b514b42f,SOM,SOM.5_1,Somalia,Bay,Baay,927305.7647058829,
00009ef143ddcfb8d0c6,SOM,SOM.15_1,Somalia,Shabeellaha Hoose,Sh. Hoose| Lower Shabele,1408149.4156862746,
0000026a76dd0a60e369,SOM,SOM.9_1,Somalia,Jubbada Dhexe,J. Dhexe| Central Juba| Middle Juba,303495.7529411764,
0000ec7b00fb4ba29515,SOM,SOM.10_1,Somalia,Jubbada Hoose,J. Hoose| Lower Juba,547593.1607843139,
0000033ab85a10b5c2db,KEN,KEN.21_1,Kenya,Lamu,,118070.69411764706,
0000d97864e30d5db3a5,KEN,KEN.14_1,Kenya,Kilifi,,1279268.7647058826,
0000e634f509e1b5cbe8,KEN,KEN.40_1,Kenya,Tana River,,298163.9058823527,
0000859bcced57acede7,KEN,KEN.18_1,Kenya,Kitui,,1181312.121568629,
0000c03e0e61a2078d6c,KEN,KEN.22_1,Kenya,Machakos,,1281638.788235293,
0000fa8d93e6b3cdc22e,KEN,KEN.23_1,Kenya,Makueni,,1039450.2039215687,
0000f3668bd6d1a49231,KEN,KEN.13_1,Kenya,Kiambu,,1842266.105882352,
0000c72e3ec9bf5cef6e,KEN,KEN.29_1,Kenya,Murang'a,,1095233.1254901967,
00006aa279ec2fa0daf0,KEN,KEN.6_1,Kenya,Embu,,602176.9254901964,
00000143e28301ff11d3,KEN,KEN.15_1,Kenya,Kirinyaga,,614711.6549019607,
000053d59bbbe785233a,KEN,KEN.33_1,Kenya,Narok,,1023753.9529411768,
0000f2eebe1864edf697,KEN,KEN.2_1,Kenya,Bomet,,847754.4392156858,
0000ad6ff40152e9242f,KEN,KEN.8_1,Kenya,Homa Bay,,1111266.3843137268,
0000bb3a9a5d0ed74484,KEN,KEN.34_1,Kenya,Nyamira,,686780.603921569,
00004c75830331a27272,KEN,KEN.16_1,Kenya,Kisii,,1327165.345098039,
00009f9c316f11b91061,KEN,KEN.27_1,Kenya,Migori,,1086379.8745098042,
000004528ef99d50ec8e,TZA,TZA.12_1,Tanzania,Mara,,1923789.6235294123,
00004c7368ea369da415,TZA,TZA.1_1,Tanzania,Arusha,,1882148.9254901966,
000070e599ef8af99deb,KEN,KEN.10_1,Kenya,Kajiado,,803577.4313725495,
00007045bfaa595f36bf,KEN,KEN.30_1,Kenya,Nairobi,,3719860.5725490223,
00000c5a5313658e8c1e,TZA,TZA.9_1,Tanzania,Kilimanjaro,,1799195.686274509,
0000b5d7397dc022cbef,TZA,TZA.24_1,Tanzania,Simiyu,,1756223.8666666658,
0000defaab9c284823e2,TZA,TZA.11_1,Tanzania,Manyara,,1574382.537254902,
00000db743ed39bd2140,TZA,TZA.25_1,Tanzania,Singida,,1513092.8274509802,
0000424b2be638a59403,KEN,KEN.39_1,Kenya,Taita Taveta,,337029.43529411795,
00000b14b07ed1c421e1,KEN,KEN.19_1,Kenya,Kwale,,757079.274509803,
000054647953dae2a15e,KEN,KEN.28_1,Kenya,Mombasa,,1059697.6745098035,
0000786f3ef498d9145d,TZA,TZA.27_1,Tanzania,Tanga,,2256325.4823529385,
00007a0f5c6c3d4e4743,TZA,TZA.18_1,Tanzania,Pemba North,Kaskazini Pemba,237625.0588235293,
0000a27f2eca7166cb20,TZA,TZA.19_1,Tanzania,Pemba South,Kusini Pemba,209633.72156862737,
000066815f2cdc35a33b,TZA,TZA.29_1,Tanzania,Zanzibar South and Central,Kusini Unguja,129367.55294117653,
0000914d9ac55fe26b97,TZA,TZA.28_1,Tanzania,Zanzibar North,Kaskazini Unguja,217975.70588235298,
0000038658159b9665bc,TZA,TZA.30_1,Tanzania,Zanzibar West,Mjini Magharibi,629478.2941176471,
00001d70eac954676b6f,TZA,TZA.20_1,Tanzania,Pwani,,1206601.1960784302,
0000c2e8eef13d9b5229,TZA,TZA.14_1,Tanzania,Morogoro,,2443071.9450980457,
0000b7d7e18038593453,TZA,TZA.3_1,Tanzania,Dodoma,,2302861.2352941167,
0000947458e15f4d04b4,TZA,TZA.5_1,Tanzania,Iringa,,1040344.1607843137,
0000435fd54496d6c2d1,TZA,TZA.13_1,Tanzania,Mbeya,,2969874.1999999997,
000009fbb73eecc112a6,TZA,TZA.17_1,Tanzania,Njombe,,774075.9686274512,
0000675a65ae7d472552,TZA,TZA.10_1,Tanzania,Lindi,,957789.4588235292,
0000342a356e9a853acb,TZA,TZA.2_1,Tanzania,Dar es Salaam,Dar-es-salaam|Pwani,4720184.403921568,
0000bbb2483f480e72c9,TZA,TZA.15_1,Tanzania,Mtwara,,1394065.6039215673,
0000c6796648020ce4fd,MOZ,MOZ.1_1,Mozambique,Cabo Delgado,,1846838.6392156866,
000015f2c0403162c276,COM,COM.2_1,Comoros,NjazÃ­dja,Grande Comore,346063.63921568636,
00005f9ed7de7d992e23,COM,COM.1_1,Comoros,Mwali,MohÃ©li,301337.24705882353,
0000ea3223a0f9df7bf7,COM,COM.3_1,Comoros,Nzwani,Anjouan,35984.89411764706,
000063c71b94b953cf78,MDG,MDG.4_1,Madagascar,Mahajanga,Majunga,2799946.2235294213,
00005defa5e55c99c542,MOZ,MOZ.7_1,Mozambique,Nampula,MoÃ§ambique|Mozambique,4802496.576470592,
0000dfa5d827edfe3f87,MOZ,MOZ.8_1,Mozambique,Nassa,Niassa,1549180.5568627445,
0000a770a7c889846ac1,MOZ,MOZ.11_1,Mozambique,Zambezia,,4621955.552941191,
0000b94a1eb469faefe3,MOZ,MOZ.9_1,Mozambique,Sofala,,1976534.5215686283,
00007fc8e8779109dd2c,MOZ,MOZ.10_1,Mozambique,Tete,,2335426.6666666674,
0000708fc4d0657fb6bb,MWI,MWI.21_1,Malawi,Nsanje,Port Herald,324207.6980392157,
000033669f828a7bf9c7,MWI,MWI.15_1,Malawi,Mulanje,Mlange|Mlanje,685088.047058823,
0000551ee550eb66d14d,MWI,MWI.27_1,Malawi,Thyolo,Cholo,782150.5294117652,
0000b41f9419d57d9f6d,MWI,MWI.3_1,Malawi,Chikwawa,,571719.8039215684,
00006b1066d17a5d6cf2,MOZ,MOZ.4_1,Mozambique,Manica,,1807714.6509803913,
0000bbe189cb53053747,MWI,MWI.2_1,Malawi,Blantyre,,1324909.3882352938,
00009caa2b2dd294a9fb,MWI,MWI.4_1,Malawi,Chiradzulu,,386369.4705882349,
0000cce9b5f9f8acda73,MWI,MWI.28_1,Malawi,Zomba,,894115.3176470587,
00005f0f66be80370258,MWI,MWI.18_1,Malawi,Neno,,141986.0901960784,
00002f66a6f708ac6aaf,MWI,MWI.16_1,Malawi,Mwanza,,120520.72941176475,
000042c91e3399765cc0,MWI,MWI.1_1,Malawi,Balaka,,424705.44313725486,
0000e420fcf656a56f60,MWI,MWI.22_1,Malawi,Ntcheu,Ncheu,612438.5098039216,
0000d11d61a952879bd1,MWI,MWI.12_1,Malawi,Machinga,Kasupe|Kasupi|Liwonde,651466.2117647061,
0000ecd3aa6eca2a5da3,MWI,MWI.24_1,Malawi,Phalombe,,411433.7411764707,
00004146ef2ba1a6e845,MWI,MWI.13_1,Malawi,Mangochi,Mangoche|Fort Johnston,1044930.9921568622,
000098bed71063ea15b8,MWI,MWI.6_1,Malawi,Dedza,,829158.988235294,
0000ef7f1453cbef9d16,MWI,MWI.26_1,Malawi,Salima,,455349.1803921571,
00001104aa1febc71333,MWI,MWI.20_1,Malawi,Nkhotakota,Kota Kota,410459.4156862743,
0000f38c27f2781dd849,MWI,MWI.10_1,Malawi,Likoma,,10895.129411764708,
00008d98321fac7d6dcf,MWI,MWI.19_1,Malawi,Nkhata Bay,Chinteche,293532.92156862764,
0000f477d2a3f5ad71e3,TZA,TZA.22_1,Tanzania,Ruvuma,,1519643.6941176446,
0000758fb1e2f48996b8,MWI,MWI.25_1,Malawi,Rumphi,Rumpi,227399.41176470587,
0000e37fd7379e45beaa,MWI,MWI.8_1,Malawi,Karonga,,363444.1529411763,
0000c76939d70f911562,MWI,MWI.5_1,Malawi,Chitipa,,245036.3098039217,
00000f523d03df8936f6,ZMB,ZMB.6_1,Zambia,Muchinga,,853945.8980392143,
0000145c09eca9c0a238,MWI,MWI.17_1,Malawi,Mzimba,,1153405.5999999985,
00005a87e54782db1856,ZMB,ZMB.8_1,Zambia,Northern,,1278196.2313725483,
0000efc9cf38b7aa79fa,TZA,TZA.21_1,Tanzania,Rukwa,,1110498.7490196088,
0000eed792bf6eb6a837,ZMB,ZMB.4_1,Zambia,Luapula,Fort Rosebery,1059806.7999999996,
0000f180ef1da50693ca,COD,COD.3_1,Democratic Republic of the Congo,Haut-Katanga,,2655522.07058824,
00004fe32905d1b0536a,ZMB,ZMB.1_1,Zambia,Central,Broken Hill,1609912.701960782,
0000b1a0f0b1b0bffffb,ZMB,ZMB.2_1,Zambia,Copperbelt,Western,2199997.8156862757,
00008ef9f5da05059aaa,ZMB,ZMB.3_1,Zambia,Eastern,Fort Jameson,1765463.4745098057,
0000b3c05fd6510b250f,MWI,MWI.14_1,Malawi,Mchinji,Fort Manning,596707.0666666668,
00007b9b0052d8a88398,MWI,MWI.9_1,Malawi,Kasungu,,831506.5686274515,
000079b1e3a786c27843,MWI,MWI.23_1,Malawi,Ntchisi,Nchisi,297856.9254901963,
000018ba8ffcf4b45315,MWI,MWI.7_1,Malawi,Dowa,,751744.3254901954,
00007fa24f9118843dc0,MWI,MWI.11_1,Malawi,Lilongwe,,2515990.4039215655,
0000a2a82e7e41a790b5,ZWE,ZWE.4_1,Zimbabwe,Mashonaland Central,,1218351.9137254895,
00001271443b406041fe,ZWE,ZWE.3_1,Zimbabwe,Manicaland,,1844093.7254901929,
00009f7d586960605ee1,ZWE,ZWE.7_1,Zimbabwe,Masvingo,,1563544.3803921542,
00002a4df2c256fac746,ZWE,ZWE.5_1,Zimbabwe,Mashonaland East,,1405262.9137254893,
00000ffb51de9a13b59d,ZWE,ZWE.6_1,Zimbabwe,Mashonaland West,,1597333.8705882349,
0000d2ac9c8892d295ef,ZWE,ZWE.2_1,Zimbabwe,Harare,,2226254.3058823524,
0000e1b8bd7f5a31647b,ZWE,ZWE.10_1,Zimbabwe,Midlands,,1707514.192156856,
00009cf421bd2a1085fe,ZWE,ZWE.9_1,Zimbabwe,Matabeleland South,,725102.0117647053,
0000f1c546690486ff91,ZWE,ZWE.8_1,Zimbabwe,Matabeleland North,,796732.2352941174,
0000b240eb22a090260d,ZMB,ZMB.9_1,Zambia,Southern,,1819444.7176470575,
00005e61e697202c20e4,ZMB,ZMB.5_1,Zambia,Lusaka,,2269406.368627453,
000080cd1ce6e8fb189d,ZWE,ZWE.1_1,Zimbabwe,Bulawayo,,681890.7686274509,
0000aca10d4b084c291b,BWA,BWA.1_1,Botswana,Central,Centre|Ngwato|Serowe-Palapye,626681.4156862743,
00002a269f6600eaf327,BWA,BWA.2_1,Botswana,Chobe,,22716.992156862736,
000004c398cf6a1fb120,NAM,NAM.13_1,Namibia,Zambezi,Caprivi,91918.75294117648,
0000dbdd67f13cd1c395,BWA,BWA.12_1,Botswana,North-West,North West|Bokone-Bophirima,162104.04705882358,
0000f0794e97dbd642c1,BWA,BWA.5_1,Botswana,Ghanzi,Ghantsi,46127.05098039216,
00000d3909c536a24e4c,ZMB,ZMB.10_1,Zambia,Western,Barotseland,998405.933333333,
00002f00e27ca1c32b8a,AGO,AGO.5_1,Angola,Cuando Cubango,,504507.8823529384,
0000fd0ad7ebece679cc,ZMB,ZMB.7_1,Zambia,North-Western,,792087.7882352939,
00008d4c125544774838,AGO,AGO.15_1,Angola,Moxico,,723220.0117647052,
0000d71fde1d7758ff18,COD,COD.15_1,Democratic Republic of the Congo,Lualaba,,1461948.1333333335,
0000ebcb52945ac3e432,COD,COD.4_1,Democratic Republic of the Congo,Haut-Lomami,,1680747.9215686251,
0000b3f9d4d36f2a6b1a,COD,COD.14_1,Democratic Republic of the Congo,Lomami,,2324834.0901960772,
0000c8d1e0759ab5adf6,COD,COD.7_1,Democratic Republic of the Congo,KasaÃ¯-Central,,3355170.784313722,
0000538f1e855ddda73f,COD,COD.8_1,Democratic Republic of the Congo,KasaÃ¯-Oriental,,2782735.9294117643,
0000ec0daa7f964ccbf0,COD,COD.21_1,Democratic Republic of the Congo,Sankuru,,1933936.160784313,
0000c5e7cc885787bbac,COD,COD.17_1,Democratic Republic of the Congo,Maniema,,2328815.2980392016,
000003a19af91805c947,COD,COD.24_1,Democratic Republic of the Congo,Tanganyika,,1770142.5137254896,
0000724d569cc2958259,COD,COD.22_1,Democratic Republic of the Congo,Sud-Kivu,,4970177.592156867,
00009ac59005d985d5b1,TZA,TZA.8_1,Tanzania,Kigoma,,2348813.243137259,
00007f8a14835afca538,TZA,TZA.7_1,Tanzania,Katavi,,623335.3176470585,
0000f0e4681f520da6a1,TZA,TZA.26_1,Tanzania,Tabora,,2517371.360784314,
00006bc6f645cf5ad9fc,TZA,TZA.23_1,Tanzania,Shinyanga,,1699935.4235294126,
0000742d1ca4e0ebaf73,TZA,TZA.4_1,Tanzania,Geita,,1915005.0666666664,
000046e53b678c764914,BDI,BDI.11_1,Burundi,Makamba,,562873.8980392154,
00001c14bdb39ee12671,BDI,BDI.4_1,Burundi,Bururi,,746745.5725490195,
0000779bd077040e0771,BDI,BDI.16_1,Burundi,Rutana,,438247.15294117643,
0000f7a54aa3eb909d18,BDI,BDI.7_1,Burundi,Gitega,Kitega,890127.5843137249,
000001a4eb626f2cba4d,BDI,BDI.3_1,Burundi,Bujumbura Rural,Usumbura,644330.2823529412,
0000c96090c38ddbe30c,BDI,BDI.14_1,Burundi,Mwaro,,352172.1215686276,
0000e7a72cc1335d7190,BDI,BDI.17_1,Burundi,Ruyigi,,525107.588235294,
000000c3a28e31b28b42,BDI,BDI.8_1,Burundi,Karuzi,Karusi,570737.2784313726,
000043fcbfcf17e7bad9,BDI,BDI.12_1,Burundi,Muramvya,Muramviya,380357.4039215686,
0000226ce62a9a7560e8,BDI,BDI.2_1,Burundi,Bujumbura Mairie,,607309.4627450978,
00005b6592778c142aeb,BDI,BDI.1_1,Burundi,Bubanza,,448975.4705882355,
0000ce08c68464814b04,BDI,BDI.6_1,Burundi,Cibitoke,,607382.8588235292,
00008abae843b0ab6a2b,RWA,RWA.2_1,Rwanda,Amajyepfo,Southern Province|Province du Sud,3028320.5490196077,
00008b4cd4f538f5418a,RWA,RWA.4_1,Rwanda,Iburengerazuba,Western Province|Province de l'Ouestern Province|Province de l'Ouest,2884927.1843137234,
0000f3b36b9e49529868,BDI,BDI.10_1,Burundi,Kirundo,,834059.5764705888,
00007e9769c1ec649787,RWA,RWA.3_1,Rwanda,Iburasirazuba,Eastern Province|Province de l'Est,3048525.5137254884,
0000f3d04971a1065e64,BDI,BDI.15_1,Burundi,Ngozi,,867489.2,
000095b620263e188efb,BDI,BDI.13_1,Burundi,Muyinga,Muhinga,830023.5647058822,
0000534d5571cae55d5b,BDI,BDI.9_1,Burundi,Kayanza,,787738.2980392157,
000080f02f811727ce96,BDI,BDI.5_1,Burundi,Cankuzo,,297276.42745098047,
000024003b4e465058b1,TZA,TZA.6_1,Tanzania,Kagera,,2727058.854901959,
0000c52cbf2f3ecac87f,TZA,TZA.16_1,Tanzania,Mwanza,,3071543.490196077,
0000fb5e8ac97c0e7fb5,UGA,UGA.15_1,Uganda,Kalangala,,43485.19999999999,
00009669199b775efa2a,UGA,UGA.51_1,Uganda,Rakai,,696579.5568627451,
0000d646a4584366555b,UGA,UGA.6_1,Uganda,Bushenyi,,1078189.156862746,
0000c894277f1b3560f8,UGA,UGA.48_1,Uganda,Ntungamo,,566508.654901961,
000024ada22707cac234,RWA,RWA.5_1,Rwanda,Umujyi wa Kigali,Kigali City|Ville de Kigali,1322511.9137254893,
000077d1957907579660,RWA,RWA.1_1,Rwanda,Amajyaruguru,Northern Province|Province du Nord,2037933.6235294107,
0000c98f86ec0c3c4a09,UGA,UGA.12_1,Uganda,Kabale,,677732.0156862744,
00007e028c7763b121bf,UGA,UGA.52_1,Uganda,Rukungiri,,409938.5098039214,
0000729e663e32d01018,UGA,UGA.26_1,Uganda,Kisoro,,322759.305882353,
0000d9970d9af7822585,UGA,UGA.19_1,Uganda,Kanungu,,308196.7568627452,
00003913bc2ef0f0a9a8,COD,COD.16_1,Democratic Republic of the Congo,MaÃ¯-Ndombe,,1929427.305882354,
00008888bd56b371f0a5,COG,COG.9_1,Republic of Congo,Plateaux,,221947.694117647,
0000e29b30aedc501906,COD,COD.13_1,Democratic Republic of the Congo,Kwilu,,5470762.839215693,
00009399ad5c70a0374a,COD,COD.12_1,Democratic Republic of the Congo,Kwango,,2193259.02745098,
00003649dc831553e43d,COD,COD.9_1,Democratic Republic of the Congo,KasaÃ¯,,2793071.925490194,
0000ebeb04a891fb56ce,AGO,AGO.12_1,Angola,Lunda Norte,,813688.8431372533,
00009c7da534986c516e,AGO,AGO.13_1,Angola,Lunda Sul,,516102.87058823457,
00007c8c0fe6f778c971,AGO,AGO.14_1,Angola,Malanje,Malange,952754.2666666685,
00003d38ddd75cee2131,AGO,AGO.17_1,Angola,UÃ­ge,,1418872.2196078426,
00004a5c1f4eaac41d18,COD,COD.11_1,Democratic Republic of the Congo,Kongo-Central,,5212095.223529405,
0000c02ae9b85d6b2e2b,COD,COD.10_1,Democratic Republic of the Congo,Kinshasa,,8777944.941176467,
0000f130e91b03efe526,COG,COG.11_1,Republic of Congo,Pool,,652679.3411764702,
0000d8b784124bf4a42b,AGO,AGO.18_1,Angola,Zaire,,557265.7843137258,
000009f8eb2e88e5d285,AGO,AGO.6_1,Angola,Cuanza Norte,Cuanza-Nord|Kwanza Norte,427921.8588235291,
00006e9604f688b0cc55,AGO,AGO.7_1,Angola,Cuanza Sul,Cuanza-Sud|Kwanza Sul,1793279.4901960783,
00007116ff53267df3a7,AGO,AGO.1_1,Angola,Bengo,,359351.9411764705,
00003c7284f9ea8da1b6,AGO,AGO.11_1,Angola,Luanda,Loanda,6421356.039215695,
000073775cdf8ef02fc8,AGO,AGO.4_1,Angola,Cabinda,,669758.0470588238,
000049cf8b45ad436001,COG,COG.5_1,Republic of Congo,Kouilou,,327294.0352941177,
0000258b361f6eb248bf,COG,COG.10_1,Republic of Congo,Pointe Noire,,689526.9215686275,
000026f6e736e4af25a7,COG,COG.8_1,Republic of Congo,Niari,,289447.4039215685,
0000ed99f6d5c65bffaf,GAB,GAB.5_1,Gabon,Nyanga,,68052.61960784314,
000013deb1aab2f33819,GAB,GAB.4_1,Gabon,NgouniÃ©,N'GouniÃ©,128750.99607843133,
0000513c38343107a106,COG,COG.1_1,Republic of Congo,Bouenza,,389109.8862745093,
00000884afd9de5b5811,COG,COG.6_1,Republic of Congo,LÃ©koumou,,121527.86274509794,
00002939fd4b79f42231,COG,COG.2_1,Republic of Congo,Brazzaville,,1403761.9843137255,
000083ab73048153307d,GAB,GAB.8_1,Gabon,OgoouÃ©-Maritime,,151611.83529411763,
0000c55959a6c3e172f1,GNQ,GNQ.1_1,Equatorial Guinea,AnnobÃ³n,,2758.0509803921573,
0000cca6e1d9c4c7d231,NAM,NAM.6_1,Namibia,Kunene,,92237.08235294138,
0000dbd5fc02e1ecae1d,NAM,NAM.2_1,Namibia,Erongo,,152655.34509803914,
000047b6a1272e7b26de,NAM,NAM.12_1,Namibia,Otjozondjupa,,148536.25882352938,
000054574fa70dae300e,NAM,NAM.10_1,Namibia,Oshana,,181991.34509803928,
0000beace459af6cc91f,NAM,NAM.11_1,Namibia,Oshikoto,,189453.69411764713,
000081888f22a45442cf,NAM,NAM.9_1,Namibia,Omusati,,253862.85490196032,
000063fb6557521f9745,NAM,NAM.7_1,Namibia,Ohangwena,,255747.52156862756,
000021418820698f8b55,AGO,AGO.8_1,Angola,Cunene,,965249.721568624,
0000765625863006d9ab,AGO,AGO.10_1,Angola,HuÃ­la,,2354482.976470585,
0000b970d75dc1246ac3,AGO,AGO.16_1,Angola,Namibe,MoÃ§Ã¢medes|Mossamedes,455706.78431372496,
00008bdb856ac057d753,AGO,AGO.2_1,Angola,Benguela,Benguella,1998879.8666666679,
00009d998b430cefe4b5,AGO,AGO.9_1,Angola,Huambo,,1891850.431372548,
00008cda9f5f625cbdac,AGO,AGO.3_1,Angola,BiÃ©,,1335903.545098039,
0000420512a8a3f93c41,NAM,NAM.4_1,Namibia,Kavango,,227798.97647058815,
00006d87420b026a1c23,NAM,NAM.8_1,Namibia,Omaheke,,73716.72156862747,
00000bb174c0ea491f22,BWA,BWA.7_1,Botswana,Kgalagadi,,54484.129411764836,
00006fa98c434666ede7,NAM,NAM.3_1,Namibia,Hardap,,82528.17647058824,
0000eae09086bb5e19c4,NAM,NAM.5_1,Namibia,Khomas,,356288.9803921569,
00008af1221b6fd11ce8,NAM,NAM.1_1,Namibia,!Karas,Karas,78331.21568627452,
0000e26b7080d50ee682,ZAF,ZAF.8_1,South Africa,Northern Cape,Noord-Kaap,1070149.1333333324,
0000c18ba14589d23b56,ZAF,ZAF.9_1,South Africa,Western Cape,Wes-Kaap,5417413.7764705885,
00008dde7ebf9b188d0e,ZAF,ZAF.4_1,South Africa,KwaZulu-Natal,Natal and Zululand,9552826.941176508,
000055d96c49410a7ee0,ZAF,ZAF.1_1,South Africa,Eastern Cape,Oos-Kaap,6380104.490196083,
00007d455ac922729b50,ZAF,ZAF.2_1,South Africa,Free State,Orange Free State|Vrystaat,2573018.2313725515,
000054657081eb169305,LSO,LSO.9_1,Lesotho,Quthing,,124765.49803921572,
0000194f64994d258f77,LSO,LSO.8_1,Lesotho,Qacha's Nek,Quacha's Nek|Quachas Nek,74113.8509803921,
00002fb0395269644967,LSO,LSO.6_1,Lesotho,Mohale's Hoek,Mohales Hoek,179843.19215686258,
0000131a5906efd0ecd3,LSO,LSO.10_1,Lesotho,Thaba-Tseka,Thaba Tseka,132611.43137254883,
0000dd67f662c65561dc,LSO,LSO.4_1,Lesotho,Mafeteng,,200358.93725490163,
0000d88fbf3e5c4737b1,LSO,LSO.5_1,Lesotho,Maseru,,448821.5411764702,
0000f96d1f8933b72472,LSO,LSO.1_1,Lesotho,Berea,Teyateyaneng,255370.10196078406,
0000a5401a80f07a9fa4,LSO,LSO.3_1,Lesotho,Leribe,,305955.30196078453,
00002d6a78ed9e7b0e2d,LSO,LSO.7_1,Lesotho,Mokhotlong,,99844.5686274509,
0000b1ff2124029339d6,LSO,LSO.2_1,Lesotho,Butha-Buthe,Butha Buthe,112863.07450980389,
00004f5a4afe183fb42b,ZAF,ZAF.7_1,South Africa,North West,North-West|Noordwes,3278902.8980392176,
000095d197e2a66bf7ca,ZAF,ZAF.6_1,South Africa,Mpumalanga,Eastern Transvaal,3516951.5803921623,
00005384dc166a76b89f,ZAF,ZAF.3_1,South Africa,Gauteng,Pretoria/Witwatersrand/Vaal,1.1467782717647057E7,
00007c7d0246cb89113e,BWA,BWA.15_1,Botswana,Southern,Borwa|Ngwakets|Ngwaketse,217457.08235294104,
0000a2ed97d6ce638f1e,BWA,BWA.14_1,Botswana,South-East,Borwa-Botlhaba,84023.52156862745,
0000c33696ecc11f7555,BWA,BWA.10_1,Botswana,Lobatse,,28869.407843137255,
0000ff760a5f32264abb,BWA,BWA.9_1,Botswana,Kweneng,,282497.86666666646,
0000051db713ac8df898,BWA,BWA.6_1,Botswana,Jwaneng,,11729.039215686273,
00009062a4f780d76f21,BWA,BWA.16_1,Botswana,Sowa,,967.3176470588236,
0000711a7719f1e6c658,BWA,BWA.11_1,Botswana,North-East,North East|Bokone-Botlhaba,87939.11372549024,
0000a171719bad5569e5,BWA,BWA.3_1,Botswana,Francistown,,82718.24705882353,
0000cd6ac7451d308be4,BWA,BWA.13_1,Botswana,Selibe Phikwe,,49052.54509803921,
00003e379146cd1a6d27,ZAF,ZAF.5_1,South Africa,Limpopo,Noordelike Provinsie|Northern Transvaal|Northern Province,5051333.258823538,
00005ac9e9cebddd96b8,BWA,BWA.8_1,Botswana,Kgatleng,,97527.40784313725,
00005e276911e75640c5,BWA,BWA.4_1,Botswana,Gaborone,,297119.1215686273,
00008cf2448b596f3e0b,MOZ,MOZ.2_1,Mozambique,Gaza,,1370158.7803921564,
0000a697a7e4ba684ed5,MOZ,MOZ.3_1,Mozambique,Inhambane,,1457931.0862745102,
00008a30ff012ad3226e,MOZ,MOZ.6_1,Mozambique,Maputo,,733566.2666666667,
00001bb73aee235f0a08,MOZ,MOZ.5_1,Mozambique,Maputo City,,2135000.0666666673,
0000e0195cc8b3d62c64,SWZ,SWZ.2_1,Swaziland,Lubombo,,290543.9411764706,
0000d8885737c2b4f7fa,SWZ,SWZ.4_1,Swaziland,Shiselweni,Shiselwini,298863.60784313746,
0000501a7b9bea3db7bd,SWZ,SWZ.3_1,Swaziland,Manzini,,437208.8705882349,
00006c9211116131aa13,SWZ,SWZ.1_1,Swaziland,Hhohho,,393134.2784313723,
0000e67f111827a5a214,ATF,ATF.2_1,French Southern Territories,ÃŽles Ã‰parses,Glorioso Islands,0.0,
00000092b7241c98bea3,MDG,MDG.6_1,Madagascar,Toliary,Toleary|Toliary|TulÃ©ar,3514256.89803922,
000024443d1899b9978d,MDG,MDG.3_1,Madagascar,Fianarantsoa,,4824115.29019608,
00009de7b90b24d6643d,MDG,MDG.1_1,Madagascar,Antananarivo,Tananarive,6724446.572549047,
000099159265b8935d5b,MDG,MDG.5_1,Madagascar,Toamasina,Tamatave,3506784.5098039233,
00001ab44af459fd7bdc,MYT,MYT.9_1,Mayotte,Kani-Keli,,10737.929411764706,
0000a7f99edc37556a8b,MYT,MYT.4_1,Mayotte,Boueni,,6965.262745098038,
000029a834553d5988d8,MYT,MYT.3_1,Mayotte,Bandrele,,10901.69411764706,
00007467adecea876363,MYT,MYT.6_1,Mayotte,Chirongui,,8860.039215686273,
0000d098b4762d2c0d67,MYT,MYT.16_1,Mayotte,Sada,,5637.9529411764715,
0000bcbcaba8ed81efb2,MYT,MYT.14_1,Mayotte,Ouangani,,6544.156862745098,
00000b52da299f882cbc,MYT,MYT.1_1,Mayotte,Acoua,,6045.454901960784,
00001155ceaf4601cc90,MYT,MYT.13_1,Mayotte,Mtsamboro,,8196.882352941177,
0000286f485702b1d323,MYT,MYT.11_1,Mayotte,M'tsangamouji,,7181.03137254902,
000052db57fe7e38669f,MYT,MYT.17_1,Mayotte,Tsingoni,,7948.647058823529,
00003659af12d7b8770d,MYT,MYT.2_1,Mayotte,Bandraboua,,11618.137254901958,
0000e742a3307c87164b,MYT,MYT.10_1,Mayotte,Koungou,,20286.113725490195,
0000536c62b037cdb5a0,MYT,MYT.7_1,Mayotte,Dembeni,,9177.145098039215,
000052202356dce3d73d,MYT,MYT.5_1,Mayotte,Chiconi,,6201.478431372548,
00000849d9a762b31468,MYT,MYT.12_1,Mayotte,Mamoudzou,,41812.92549019609,
000040f125f28397ed8d,MYT,MYT.8_1,Mayotte,Dzaoudzi,,18166.611764705885,
0000e8cea7d27f119489,MYT,MYT.15_1,Mayotte,Pamandzi,,9795.572549019607,
000086eb4fe3da0fcd92,MDG,MDG.2_1,Madagascar,Antsiranana,DiÃ©go-Suarez|Antseranana,1743179.4862745106,
0000672af34d6193e94d,SYC,SYC.20_1,Seychelles,Outer Islands,,415.98039215686276,
00000c8f1d07472a4340,SOM,SOM.12_1,Somalia,Nugaal,,133188.831372549,
00002527432621c9d9ff,SOM,SOM.3_1,Somalia,Banaadir,Benadir,789020.0470588235,
0000b3394ce316c7fbc9,SOM,SOM.14_1,Somalia,Shabeellaha Dhexe,Sh. Dhexe| Central Shabele,723352.1137254902,
0000e80f11232a3192e2,SOM,SOM.6_1,Somalia,Galguduud,Galgudug,539682.7999999995,
0000d051b5d054fbd408,SOM,SOM.11_1,Somalia,Mudug,Madugh| Mudugh,635461.8392156856,
0000e2c7a232fabd76c3,SOM,SOM.16_1,Somalia,Sool,,244336.48235294118,
00005b93e6146cf5b1d7,SOM,SOM.13_1,Somalia,Sanaag,Sanag,441825.6313725491,
00008786f94dc0e22a01,SOM,SOM.4_1,Somalia,Bari,,448806.53333333327,
